  0
SECTION
  2
HEADER
  9
$ACADVER
  1
AC1027
  9
$ACADMAINTVER
 70
   105
  9
$DWGCODEPAGE
  3
ANSI_1252
  9
$LASTSAVEDBY
  1
yorckvondietze
  9
$REQUIREDVERSIONS
160
                 0
  9
$INSBASE
 10
0.0
 20
0.0
 30
0.0
  9
$EXTMIN
 10
1.000000000000000E+20
 20
1.000000000000000E+20
 30
1.000000000000000E+20
  9
$EXTMAX
 10
-1.000000000000000E+20
 20
-1.000000000000000E+20
 30
-1.000000000000000E+20
  9
$LIMMIN
 10
0.0
 20
0.0
  9
$LIMMAX
 10
12.0
 20
9.0
  9
$ORTHOMODE
 70
     0
  9
$REGENMODE
 70
     1
  9
$FILLMODE
 70
     1
  9
$QTEXTMODE
 70
     0
  9
$MIRRTEXT
 70
     1
  9
$LTSCALE
 40
1.0
  9
$ATTMODE
 70
     1
  9
$TEXTSIZE
 40
0.2
  9
$TRACEWID
 40
0.05
  9
$TEXTSTYLE
  7
Standard
  9
$CLAYER
  8
0
  9
$CELTYPE
  6
ByLayer
  9
$CECOLOR
 62
   256
  9
$CELTSCALE
 40
1.0
  9
$DISPSILH
 70
     0
  9
$DIMSCALE
 40
1.0
  9
$DIMASZ
 40
0.18
  9
$DIMEXO
 40
0.0625
  9
$DIMDLI
 40
0.38
  9
$DIMRND
 40
0.0
  9
$DIMDLE
 40
0.0
  9
$DIMEXE
 40
0.18
  9
$DIMTP
 40
0.0
  9
$DIMTM
 40
0.0
  9
$DIMTXT
 40
0.18
  9
$DIMCEN
 40
0.09
  9
$DIMTSZ
 40
0.0
  9
$DIMTOL
 70
     0
  9
$DIMLIM
 70
     0
  9
$DIMTIH
 70
     1
  9
$DIMTOH
 70
     1
  9
$DIMSE1
 70
     0
  9
$DIMSE2
 70
     0
  9
$DIMTAD
 70
     0
  9
$DIMZIN
 70
     0
  9
$DIMBLK
  1

  9
$DIMASO
 70
     1
  9
$DIMSHO
 70
     1
  9
$DIMPOST
  1

  9
$DIMAPOST
  1

  9
$DIMALT
 70
     0
  9
$DIMALTD
 70
     2
  9
$DIMALTF
 40
25.4
  9
$DIMLFAC
 40
1.0
  9
$DIMTOFL
 70
     0
  9
$DIMTVP
 40
0.0
  9
$DIMTIX
 70
     0
  9
$DIMSOXD
 70
     0
  9
$DIMSAH
 70
     0
  9
$DIMBLK1
  1

  9
$DIMBLK2
  1

  9
$DIMSTYLE
  2
Standard
  9
$DIMCLRD
 70
     0
  9
$DIMCLRE
 70
     0
  9
$DIMCLRT
 70
     0
  9
$DIMTFAC
 40
1.0
  9
$DIMGAP
 40
0.09
  9
$DIMJUST
 70
     0
  9
$DIMSD1
 70
     0
  9
$DIMSD2
 70
     0
  9
$DIMTOLJ
 70
     1
  9
$DIMTZIN
 70
     0
  9
$DIMALTZ
 70
     0
  9
$DIMALTTZ
 70
     0
  9
$DIMUPT
 70
     0
  9
$DIMDEC
 70
     4
  9
$DIMTDEC
 70
     4
  9
$DIMALTU
 70
     2
  9
$DIMALTTD
 70
     2
  9
$DIMTXSTY
  7
Standard
  9
$DIMAUNIT
 70
     0
  9
$DIMADEC
 70
     0
  9
$DIMALTRND
 40
0.0
  9
$DIMAZIN
 70
     0
  9
$DIMDSEP
 70
    46
  9
$DIMATFIT
 70
     3
  9
$DIMFRAC
 70
     0
  9
$DIMLDRBLK
  1

  9
$DIMLUNIT
 70
     2
  9
$DIMLWD
 70
    -2
  9
$DIMLWE
 70
    -2
  9
$DIMTMOVE
 70
     0
  9
$DIMFXL
 40
1.0
  9
$DIMFXLON
 70
     0
  9
$DIMJOGANG
 40
0.7853981633974483
  9
$DIMTFILL
 70
     0
  9
$DIMTFILLCLR
 70
     0
  9
$DIMARCSYM
 70
     0
  9
$DIMLTYPE
  6

  9
$DIMLTEX1
  6

  9
$DIMLTEX2
  6

  9
$DIMTXTDIRECTION
 70
     0
  9
$LUNITS
 70
     2
  9
$LUPREC
 70
     4
  9
$SKETCHINC
 40
0.1
  9
$FILLETRAD
 40
0.0
  9
$AUNITS
 70
     0
  9
$AUPREC
 70
     0
  9
$MENU
  1
.
  9
$ELEVATION
 40
0.0
  9
$PELEVATION
 40
0.0
  9
$THICKNESS
 40
0.0
  9
$LIMCHECK
 70
     0
  9
$CHAMFERA
 40
0.0
  9
$CHAMFERB
 40
0.0
  9
$CHAMFERC
 40
0.0
  9
$CHAMFERD
 40
0.0
  9
$SKPOLY
 70
     0
  9
$TDCREATE
 40
2461234.570955035
  9
$TDUCREATE
 40
2461234.529288368
  9
$TDUPDATE
 40
2461234.570957026
  9
$TDUUPDATE
 40
2461234.529290359
  9
$TDINDWG
 40
0.0000000116
  9
$TDUSRTIMER
 40
0.0000000116
  9
$USRTIMER
 70
     1
  9
$ANGBASE
 50
0.0
  9
$ANGDIR
 70
     0
  9
$PDMODE
 70
     0
  9
$PDSIZE
 40
0.0
  9
$PLINEWID
 40
0.0
  9
$SPLFRAME
 70
     0
  9
$SPLINETYPE
 70
     6
  9
$SPLINESEGS
 70
     8
  9
$HANDSEED
  5
11C
  9
$SURFTAB1
 70
     6
  9
$SURFTAB2
 70
     6
  9
$SURFTYPE
 70
     6
  9
$SURFU
 70
     6
  9
$SURFV
 70
     6
  9
$UCSBASE
  2

  9
$UCSNAME
  2

  9
$UCSORG
 10
0.0
 20
0.0
 30
0.0
  9
$UCSXDIR
 10
1.0
 20
0.0
 30
0.0
  9
$UCSYDIR
 10
0.0
 20
1.0
 30
0.0
  9
$UCSORTHOREF
  2

  9
$UCSORTHOVIEW
 70
     0
  9
$UCSORGTOP
 10
0.0
 20
0.0
 30
0.0
  9
$UCSORGBOTTOM
 10
0.0
 20
0.0
 30
0.0
  9
$UCSORGLEFT
 10
0.0
 20
0.0
 30
0.0
  9
$UCSORGRIGHT
 10
0.0
 20
0.0
 30
0.0
  9
$UCSORGFRONT
 10
0.0
 20
0.0
 30
0.0
  9
$UCSORGBACK
 10
0.0
 20
0.0
 30
0.0
  9
$PUCSBASE
  2

  9
$PUCSNAME
  2

  9
$PUCSORG
 10
0.0
 20
0.0
 30
0.0
  9
$PUCSXDIR
 10
1.0
 20
0.0
 30
0.0
  9
$PUCSYDIR
 10
0.0
 20
1.0
 30
0.0
  9
$PUCSORTHOREF
  2

  9
$PUCSORTHOVIEW
 70
     0
  9
$PUCSORGTOP
 10
0.0
 20
0.0
 30
0.0
  9
$PUCSORGBOTTOM
 10
0.0
 20
0.0
 30
0.0
  9
$PUCSORGLEFT
 10
0.0
 20
0.0
 30
0.0
  9
$PUCSORGRIGHT
 10
0.0
 20
0.0
 30
0.0
  9
$PUCSORGFRONT
 10
0.0
 20
0.0
 30
0.0
  9
$PUCSORGBACK
 10
0.0
 20
0.0
 30
0.0
  9
$USERI1
 70
     0
  9
$USERI2
 70
     0
  9
$USERI3
 70
     0
  9
$USERI4
 70
     0
  9
$USERI5
 70
     0
  9
$USERR1
 40
0.0
  9
$USERR2
 40
0.0
  9
$USERR3
 40
0.0
  9
$USERR4
 40
0.0
  9
$USERR5
 40
0.0
  9
$WORLDVIEW
 70
     1
  9
$SHADEDGE
 70
     3
  9
$SHADEDIF
 70
    70
  9
$TILEMODE
 70
     0
  9
$MAXACTVP
 70
    64
  9
$PINSBASE
 10
0.0
 20
0.0
 30
0.0
  9
$PLIMCHECK
 70
     0
  9
$PEXTMIN
 10
1.000000000000000E+20
 20
1.000000000000000E+20
 30
1.000000000000000E+20
  9
$PEXTMAX
 10
-1.000000000000000E+20
 20
-1.000000000000000E+20
 30
-1.000000000000000E+20
  9
$PLIMMIN
 10
0.0
 20
0.0
  9
$PLIMMAX
 10
12.0
 20
9.0
  9
$UNITMODE
 70
     0
  9
$VISRETAIN
 70
     1
  9
$PLINEGEN
 70
     0
  9
$PSLTSCALE
 70
     0
  9
$TREEDEPTH
 70
  3020
  9
$CMLSTYLE
  2
Standard
  9
$CMLJUST
 70
     0
  9
$CMLSCALE
 40
1.0
  9
$PROXYGRAPHICS
 70
     1
  9
$MEASUREMENT
 70
     0
  9
$CELWEIGHT
370
    -1
  9
$ENDCAPS
280
     0
  9
$JOINSTYLE
280
     0
  9
$LWDISPLAY
290
     1
  9
$INSUNITS
 70
     6
  9
$HYPERLINKBASE
  1

  9
$STYLESHEET
  1

  9
$XEDIT
290
     1
  9
$CEPSNTYPE
380
     0
  9
$PSTYLEMODE
290
     1
  9
$FINGERPRINTGUID
  2
{bd1577a9-b547-3942-94fb-ce8b26a6cdd4}
  9
$VERSIONGUID
  2
{FAEB1C32-E019-11D5-929B-00C0DF256EC4}
  9
$EXTNAMES
290
     1
  9
$PSVPSCALE
 40
0.0
  9
$OLESTARTUP
290
     0
  9
$SORTENTS
280
   127
  9
$INDEXCTL
280
     0
  9
$HIDETEXT
280
     1
  9
$XCLIPFRAME
280
     0
  9
$HALOGAP
280
     0
  9
$OBSCOLOR
 70
   257
  9
$OBSLTYPE
280
     0
  9
$INTERSECTIONDISPLAY
280
     0
  9
$INTERSECTIONCOLOR
 70
   257
  9
$DIMASSOC
280
     2
  9
$PROJECTNAME
  1

  9
$CAMERADISPLAY
290
     0
  9
$LENSLENGTH
 40
50.0
  9
$CAMERAHEIGHT
 40
0.0
  9
$STEPSPERSEC
 40
2.0
  9
$STEPSIZE
 40
6.0
  9
$3DDWFPREC
 40
2.0
  9
$PSOLWIDTH
 40
0.25
  9
$PSOLHEIGHT
 40
4.0
  9
$LOFTANG1
 40
1.570796326794897
  9
$LOFTANG2
 40
1.570796326794897
  9
$LOFTMAG1
 40
0.0
  9
$LOFTMAG2
 40
0.0
  9
$LOFTPARAM
 70
     7
  9
$LOFTNORMALS
280
     1
  9
$LATITUDE
 40
37.795
  9
$LONGITUDE
 40
-122.394
  9
$NORTHDIRECTION
 40
0.0
  9
$TIMEZONE
 70
 -8000
  9
$LIGHTGLYPHDISPLAY
280
     1
  9
$TILEMODELIGHTSYNCH
280
     1
  9
$CMATERIAL
347
44
  9
$SOLIDHIST
280
     0
  9
$SHOWHIST
280
     1
  9
$DWFFRAME
280
     2
  9
$DGNFRAME
280
     2
  9
$REALWORLDSCALE
290
     1
  9
$INTERFERECOLOR
 62
   256
  9
$CSHADOW
280
     0
  9
$SHADOWPLANELOCATION
 40
0.0
  0
ENDSEC
  0
SECTION
  2
CLASSES
  0
CLASS
  1
ACDBDICTIONARYWDFLT
  2
AcDbDictionaryWithDefault
  3
ObjectDBX Classes
 90
        0
 91
        3
280
     0
281
     0
  0
CLASS
  1
VISUALSTYLE
  2
AcDbVisualStyle
  3
ObjectDBX Classes
 90
     4095
 91
        3
280
     0
281
     0
  0
CLASS
  1
MATERIAL
  2
AcDbMaterial
  3
ObjectDBX Classes
 90
     1153
 91
        3
280
     0
281
     0
  0
CLASS
  1
SCALE
  2
AcDbScale
  3
ObjectDBX Classes
 90
     1153
 91
        3
280
     0
281
     0
  0
CLASS
  1
TABLESTYLE
  2
AcDbTableStyle
  3
ObjectDBX Classes
 90
     4095
 91
        3
280
     0
281
     0
  0
CLASS
  1
MLEADERSTYLE
  2
AcDbMLeaderStyle
  3
ACDB_MLEADERSTYLE_CLASS
 90
     4095
 91
        3
280
     0
281
     0
  0
CLASS
  1
SUN
  2
AcDbSun
  3
SCENEOE
 90
     1153
 91
        3
280
     0
281
     0
  0
CLASS
  1
DICTIONARYVAR
  2
AcDbDictionaryVar
  3
ObjectDBX Classes
 90
        0
 91
        3
280
     0
281
     0
  0
CLASS
  1
CELLSTYLEMAP
  2
AcDbCellStyleMap
  3
ObjectDBX Classes
 90
     1152
 91
        3
280
     0
281
     0
  0
ENDSEC
  0
SECTION
  2
TABLES
  0
TABLE
  2
VPORT
  5
8
330
0
100
AcDbSymbolTable
 70
     1
  0
VPORT
  5
29
330
8
100
AcDbSymbolTableRecord
100
AcDbViewportTableRecord
  2
*Active
 70
     0
 10
0.0
 20
0.0
 11
1.0
 21
1.0
 12
10.42990654205607
 22
4.5
 13
0.0
 23
0.0
 14
0.5
 24
0.5
 15
0.5
 25
0.5
 16
0.0
 26
0.0
 36
1.0
 17
0.0
 27
0.0
 37
0.0
 40
9.0
 41
1.972972972850329
 42
50.0
 43
0.0
 44
0.0
 50
0.0
 51
0.0
 71
     0
 72
   100
 73
     1
 74
     3
 75
     0
 76
     0
 77
     0
 78
     0
281
     0
 65
     1
110
0.0
120
0.0
130
0.0
111
1.0
121
0.0
131
0.0
112
0.0
122
1.0
132
0.0
 79
     0
146
0.0
348
2F
 60
     3
 61
     5
292
     1
282
     1
141
0.0
142
0.0
 63
   250
361
5D
  0
ENDTAB
  0
TABLE
  2
LTYPE
  5
5
330
0
100
AcDbSymbolTable
 70
     2
  0
LTYPE
  5
14
330
5
100
AcDbSymbolTableRecord
100
AcDbLinetypeTableRecord
  2
ByBlock
 70
     0
  3

 72
    65
 73
     0
 40
0.0
  0
LTYPE
  5
15
330
5
100
AcDbSymbolTableRecord
100
AcDbLinetypeTableRecord
  2
ByLayer
 70
     0
  3

 72
    65
 73
     0
 40
0.0
  0
LTYPE
  5
16
330
5
100
AcDbSymbolTableRecord
100
AcDbLinetypeTableRecord
  2
Continuous
 70
     0
  3
Solid line
 72
    65
 73
     0
 40
0.0
  0
LTYPE
  5
AA
330
5
100
AcDbSymbolTableRecord
100
AcDbLinetypeTableRecord
  2
Strichlinie eng
 70
     0
  3
- - - - - 
 72
    65
 73
     2
 40
0.23
 49
0.15
 74
     0
 49
-0.08
 74
     0
  0
ENDTAB
  0
TABLE
  2
LAYER
  5
2
330
0
100
AcDbSymbolTable
 70
    50
  0
LAYER
  5
10
330
2
100
AcDbSymbolTableRecord
100
AcDbLayerTableRecord
  2
0
 70
     0
 62
     7
  6
Continuous
370
    -3
390
F
347
46
348
0
  0
LAYER
  5
6A
330
2
100
AcDbSymbolTableRecord
100
AcDbLayerTableRecord
  2
stone
 70
     0
 62
     7
  6
Continuous
370
    -3
390
F
347
46
348
0
  0
LAYER
  5
6C
330
2
100
AcDbSymbolTableRecord
100
AcDbLayerTableRecord
  2
timber_light
 70
     0
 62
     7
  6
Continuous
370
    -3
390
F
347
46
348
0
  0
LAYER
  5
6E
330
2
100
AcDbSymbolTableRecord
100
AcDbLayerTableRecord
  2
earth_clay
 70
     0
 62
     7
  6
Continuous
370
    -3
390
F
347
46
348
0
  0
LAYER
  5
70
330
2
100
AcDbSymbolTableRecord
100
AcDbLayerTableRecord
  2
opening_w
 70
     0
 62
     7
  6
Continuous
370
    -3
390
F
347
46
348
0
  0
LAYER
  5
72
330
2
100
AcDbSymbolTableRecord
100
AcDbLayerTableRecord
  2
thatch_roof
 70
     0
 62
     7
  6
Continuous
370
    -3
390
F
347
46
348
0
  0
LAYER
  5
74
330
2
100
AcDbSymbolTableRecord
100
AcDbLayerTableRecord
  2
shingle_roof
 70
     0
 62
     7
  6
Continuous
370
    -3
390
F
347
46
348
0
  0
LAYER
  5
76
330
2
100
AcDbSymbolTableRecord
100
AcDbLayerTableRecord
  2
hearth
 70
     0
 62
     7
  6
Continuous
370
    -3
390
F
347
46
348
0
  0
LAYER
  5
78
330
2
100
AcDbSymbolTableRecord
100
AcDbLayerTableRecord
  2
kitchen
 70
     0
 62
     7
  6
Continuous
370
    -3
390
F
347
46
348
0
  0
LAYER
  5
7A
330
2
100
AcDbSymbolTableRecord
100
AcDbLayerTableRecord
  2
wind_breaker
 70
     0
 62
     7
  6
Continuous
370
    -3
390
F
347
46
348
0
  0
LAYER
  5
7C
330
2
100
AcDbSymbolTableRecord
100
AcDbLayerTableRecord
  2
evaporative_cooling_pool
 70
     0
 62
     7
  6
Continuous
370
    -3
390
F
347
46
348
0
  0
LAYER
  5
7E
330
2
100
AcDbSymbolTableRecord
100
AcDbLayerTableRecord
  2
boundary_rectangle
 70
     0
 62
     7
  6
Continuous
370
    -3
390
F
347
46
348
0
  0
LAYER
  5
80
330
2
100
AcDbSymbolTableRecord
100
AcDbLayerTableRecord
  2
ceiling_height
 70
     0
 62
     7
  6
Continuous
370
    -3
390
F
347
46
348
0
  0
LAYER
  5
82
330
2
100
AcDbSymbolTableRecord
100
AcDbLayerTableRecord
  2
section_marker
 70
     0
 62
     7
  6
Continuous
370
    -3
390
F
347
46
348
0
  0
LAYER
  5
85
330
2
100
AcDbSymbolTableRecord
100
AcDbLayerTableRecord
  2
courtyard
 70
     0
 62
     7
  6
Continuous
370
    -3
390
F
347
46
348
0
  0
LAYER
  5
87
330
2
100
AcDbSymbolTableRecord
100
AcDbLayerTableRecord
  2
north_arrow
 70
     0
 62
     7
  6
Continuous
370
    -3
390
F
347
46
348
0
  0
LAYER
  5
89
330
2
100
AcDbSymbolTableRecord
100
AcDbLayerTableRecord
  2
plinth
 70
     0
 62
     7
  6
Continuous
370
    -3
390
F
347
46
348
0
  0
LAYER
  5
8B
330
2
100
AcDbSymbolTableRecord
100
AcDbLayerTableRecord
  2
ground_line
 70
     0
 62
     7
  6
Continuous
370
    -3
390
F
347
46
348
0
  0
LAYER
  5
8D
330
2
100
AcDbSymbolTableRecord
100
AcDbLayerTableRecord
  2
timber_frame_earth
 70
     0
 62
     7
  6
Continuous
370
    -3
390
F
347
46
348
0
  0
LAYER
  5
8F
330
2
100
AcDbSymbolTableRecord
100
AcDbLayerTableRecord
  2
building_outline
 70
     0
 62
     7
  6
Continuous
370
    -3
390
F
347
46
348
0
  0
LAYER
  5
91
330
2
100
AcDbSymbolTableRecord
100
AcDbLayerTableRecord
  2
eaves
 70
     0
 62
     7
  6
Continuous
370
    -3
390
F
347
46
348
0
  0
LAYER
  5
93
330
2
100
AcDbSymbolTableRecord
100
AcDbLayerTableRecord
  2
rake
 70
     0
 62
     7
  6
Continuous
370
    -3
390
F
347
46
348
0
  0
LAYER
  5
95
330
2
100
AcDbSymbolTableRecord
100
AcDbLayerTableRecord
  2
animals
 70
     0
 62
     7
  6
Continuous
370
    -3
390
F
347
46
348
0
  0
LAYER
  5
97
330
2
100
AcDbSymbolTableRecord
100
AcDbLayerTableRecord
  2
timber_solid
 70
     0
 62
     7
  6
Continuous
370
    -3
390
F
347
46
348
0
  0
LAYER
  5
99
330
2
100
AcDbSymbolTableRecord
100
AcDbLayerTableRecord
  2
basement
 70
     0
 62
     7
  6
Continuous
370
    -3
390
F
347
46
348
0
  0
LAYER
  5
9B
330
2
100
AcDbSymbolTableRecord
100
AcDbLayerTableRecord
  2
ceramic_tile_roof
 70
     0
 62
     7
  6
Continuous
370
    -3
390
F
347
46
348
0
  0
LAYER
  5
9D
330
2
100
AcDbSymbolTableRecord
100
AcDbLayerTableRecord
  2
brick
 70
     0
 62
     7
  6
Continuous
370
    -3
390
F
347
46
348
0
  0
LAYER
  5
9F
330
2
100
AcDbSymbolTableRecord
100
AcDbLayerTableRecord
  2
concrete
 70
     0
 62
     7
  6
Continuous
370
    -3
390
F
347
46
348
0
  0
LAYER
  5
A1
330
2
100
AcDbSymbolTableRecord
100
AcDbLayerTableRecord
  2
peat_turf
 70
     0
 62
     7
  6
Continuous
370
    -3
390
F
347
46
348
0
  0
LAYER
  5
A3
330
2
100
AcDbSymbolTableRecord
100
AcDbLayerTableRecord
  2
thatch_organic
 70
     0
 62
     7
  6
Continuous
370
    -3
390
F
347
46
348
0
  0
LAYER
  5
A5
330
2
100
AcDbSymbolTableRecord
100
AcDbLayerTableRecord
  2
slate_roof
 70
     0
 62
     7
  6
Continuous
370
    -3
390
F
347
46
348
0
  0
LAYER
  5
A7
330
2
100
AcDbSymbolTableRecord
100
AcDbLayerTableRecord
  2
solar_chimney
 70
     0
 62
     7
  6
Continuous
370
    -3
390
F
347
46
348
0
  0
LAYER
  5
A9
330
2
100
AcDbSymbolTableRecord
100
AcDbLayerTableRecord
  2
windcatcher
 70
     0
 62
     7
  6
Continuous
370
    -3
390
F
347
46
348
0
  0
LAYER
  5
AC
330
2
100
AcDbSymbolTableRecord
100
AcDbLayerTableRecord
  2
stone_int
 70
     0
 62
     7
  6
Continuous
370
    -3
390
F
347
46
348
0
  0
LAYER
  5
AE
330
2
100
AcDbSymbolTableRecord
100
AcDbLayerTableRecord
  2
timber_light_int
 70
     0
 62
     7
  6
Continuous
370
    -3
390
F
347
46
348
0
  0
LAYER
  5
B0
330
2
100
AcDbSymbolTableRecord
100
AcDbLayerTableRecord
  2
earth_clay_int
 70
     0
 62
     7
  6
Continuous
370
    -3
390
F
347
46
348
0
  0
LAYER
  5
B2
330
2
100
AcDbSymbolTableRecord
100
AcDbLayerTableRecord
  2
timber_frame_earth_int
 70
     0
 62
     7
  6
Continuous
370
    -3
390
F
347
46
348
0
  0
LAYER
  5
B4
330
2
100
AcDbSymbolTableRecord
100
AcDbLayerTableRecord
  2
timber_solid_int
 70
     0
 62
     7
  6
Continuous
370
    -3
390
F
347
46
348
0
  0
LAYER
  5
B6
330
2
100
AcDbSymbolTableRecord
100
AcDbLayerTableRecord
  2
brick_int
 70
     0
 62
     7
  6
Continuous
370
    -3
390
F
347
46
348
0
  0
LAYER
  5
B8
330
2
100
AcDbSymbolTableRecord
100
AcDbLayerTableRecord
  2
concrete_int
 70
     0
 62
     7
  6
Continuous
370
    -3
390
F
347
46
348
0
  0
LAYER
  5
BA
330
2
100
AcDbSymbolTableRecord
100
AcDbLayerTableRecord
  2
peat_turf_int
 70
     0
 62
     7
  6
Continuous
370
    -3
390
F
347
46
348
0
  0
LAYER
  5
BC
330
2
100
AcDbSymbolTableRecord
100
AcDbLayerTableRecord
  2
thatch_organic_int
 70
     0
 62
     7
  6
Continuous
370
    -3
390
F
347
46
348
0
  0
LAYER
  5
BE
330
2
100
AcDbSymbolTableRecord
100
AcDbLayerTableRecord
  2
turf_roof
 70
     0
 62
     7
  6
Continuous
370
    -3
390
F
347
46
348
0
  0
LAYER
  5
C0
330
2
100
AcDbSymbolTableRecord
100
AcDbLayerTableRecord
  2
opening_d
 70
     0
 62
     7
  6
Continuous
370
    -3
390
F
347
46
348
0
  0
LAYER
  5
C2
330
2
100
AcDbSymbolTableRecord
100
AcDbLayerTableRecord
  2
vegetation
 70
     0
 62
     7
  6
Continuous
370
    -3
390
F
347
46
348
0
  0
LAYER
  5
C4
330
2
100
AcDbSymbolTableRecord
100
AcDbLayerTableRecord
  2
not_read_by_script
 70
     0
 62
     7
  6
Continuous
370
    -3
390
F
347
46
348
0
  0
LAYER
  5
C6
330
2
100
AcDbSymbolTableRecord
100
AcDbLayerTableRecord
  2
snow
 70
     0
 62
     7
  6
Continuous
370
    -3
390
F
347
46
348
0
  0
LAYER
  5
C8
330
2
100
AcDbSymbolTableRecord
100
AcDbLayerTableRecord
  2
wool_felt
 70
     0
 62
     7
  6
Continuous
370
    -3
390
F
347
46
348
0
  0
LAYER
  5
CA
330
2
100
AcDbSymbolTableRecord
100
AcDbLayerTableRecord
  2
no_eaves_eave_height
 70
     0
 62
     7
  6
Continuous
370
    -3
390
F
347
46
348
0
  0
LAYER
  5
10D
330
2
100
AcDbSymbolTableRecord
100
AcDbLayerTableRecord
  2
NonPlottable_0
 70
     0
 62
     7
  6
Continuous
290
     0
370
    -3
390
F
347
46
348
0
  0
ENDTAB
  0
TABLE
  2
STYLE
  5
3
330
0
100
AcDbSymbolTable
 70
     3
  0
STYLE
  5
11
330
3
100
AcDbSymbolTableRecord
100
AcDbTextStyleTableRecord
  2
Standard
 70
     0
 40
0.0
 41
1.0
 50
0.0
 71
     0
 42
0.2
  3
txt
  4

  0
STYLE
  5
CC
330
3
100
AcDbSymbolTableRecord
100
AcDbTextStyleTableRecord
  2
ERSTELLTER_STIL_1
 70
     0
 40
0.0
 41
1.0
 50
0.0
 71
     0
 42
0.2
  3
Arial Bold.ttf
  4

1001
ACAD
1000
Arial
1071
 33554432
  0
STYLE
  5
D6
330
3
100
AcDbSymbolTableRecord
100
AcDbTextStyleTableRecord
  2
ERSTELLTER_STIL_2
 70
     0
 40
0.0
 41
1.0
 50
0.0
 71
     0
 42
0.2
  3
Arial.ttf
  4

1001
ACAD
1000
Arial
1071
        0
  0
ENDTAB
  0
TABLE
  2
VIEW
  5
6
330
0
100
AcDbSymbolTable
 70
     0
  0
ENDTAB
  0
TABLE
  2
UCS
  5
7
330
0
100
AcDbSymbolTable
 70
     0
  0
ENDTAB
  0
TABLE
  2
APPID
  5
9
330
0
100
AcDbSymbolTable
 70
     1
  0
APPID
  5
12
330
9
100
AcDbSymbolTableRecord
100
AcDbRegAppTableRecord
  2
ACAD
 70
     0
  0
ENDTAB
  0
TABLE
  2
DIMSTYLE
  5
A
330
0
100
AcDbSymbolTable
 70
     1
100
AcDbDimStyleTable
  0
DIMSTYLE
105
27
330
A
100
AcDbSymbolTableRecord
100
AcDbDimStyleTableRecord
  2
Standard
 70
     0
178
     0
340
11
  0
ENDTAB
  0
TABLE
  2
BLOCK_RECORD
  5
1
330
0
100
AcDbSymbolTable
 70
     0
  0
BLOCK_RECORD
  5
1F
330
1
100
AcDbSymbolTableRecord
100
AcDbBlockTableRecord
  2
*Model_Space
340
22
 70
     0
280
     1
281
     0
  0
BLOCK_RECORD
  5
1B
330
1
100
AcDbSymbolTableRecord
100
AcDbBlockTableRecord
  2
*Paper_Space
340
1E
 70
     0
280
     1
281
     0
  0
ENDTAB
  0
ENDSEC
  0
SECTION
  2
BLOCKS
  0
BLOCK
  5
20
330
1F
100
AcDbEntity
  8
0
100
AcDbBlockBegin
  2
*Model_Space
 70
     0
 10
0.0
 20
0.0
 30
0.0
  3
*Model_Space
  1

  0
ENDBLK
  5
21
330
1F
100
AcDbEntity
  8
0
100
AcDbBlockEnd
  0
BLOCK
  5
1C
330
1B
100
AcDbEntity
 67
     1
  8
0
100
AcDbBlockBegin
  2
*Paper_Space
 70
     0
 10
0.0
 20
0.0
 30
0.0
  3
*Paper_Space
  1

  0
ENDBLK
  5
1D
330
1B
100
AcDbEntity
 67
     1
  8
0
100
AcDbBlockEnd
  0
ENDSEC
  0
SECTION
  2
ENTITIES
  0
LWPOLYLINE
  5
5F
330
1F
100
AcDbEntity
  8
0
  6
Continuous
 62
     7
370
    18
100
AcDbPolyline
 90
        4
 70
     1
 43
0.0
 10
0.0
 20
0.0
 10
70.0
 20
0.0
 10
70.0
 20
-70.0
 10
0.0
 20
-70.0
  0
LWPOLYLINE
  5
60
330
1F
100
AcDbEntity
  8
0
  6
Continuous
 62
     7
370
    18
100
AcDbPolyline
 90
        4
 70
     1
 43
0.0
 10
80.0
 20
0.0
 10
150.0
 20
0.0
 10
150.0
 20
-70.0
 10
80.0
 20
-70.0
  0
LWPOLYLINE
  5
61
330
1F
100
AcDbEntity
  8
0
  6
Continuous
 62
     7
370
    18
100
AcDbPolyline
 90
        4
 70
     1
 43
0.0
 10
0.0
 20
-80.0
 10
70.0
 20
-80.0
 10
70.0
 20
-150.0
 10
0.0
 20
-150.0
  0
LWPOLYLINE
  5
62
330
1F
100
AcDbEntity
  8
0
  6
Continuous
 62
     7
370
    18
100
AcDbPolyline
 90
        4
 70
     1
 43
0.0
 10
0.0
 20
80.0
 10
70.0
 20
80.0
 10
70.0
 20
10.0
 10
0.0
 20
10.0
  0
LWPOLYLINE
  5
63
330
1F
100
AcDbEntity
  8
0
  6
Continuous
 62
     7
370
    18
100
AcDbPolyline
 90
        4
 70
     1
 43
0.0
 10
-80.00000000000001
 20
0.0
 10
-10.0
 20
0.0
 10
-10.0
 20
-70.0
 10
-80.00000000000001
 20
-70.0
  0
LWPOLYLINE
  5
64
330
1F
100
AcDbEntity
  8
0
  6
Continuous
 62
    39
420
  4864309
370
    18
100
AcDbPolyline
 90
        2
 70
     0
 43
0.0
 10
65.52812720722862
 20
-65.33954549892272
 10
65.52812720722862
 20
-63.76706930844651
  0
LWPOLYLINE
  5
65
330
1F
100
AcDbEntity
  8
0
  6
Continuous
 62
     7
370
    18
100
AcDbPolyline
 90
        4
 70
     1
 43
0.0
 10
0.0
 20
-160.0
 10
70.0
 20
-160.0
 10
70.0
 20
-230.0
 10
0.0
 20
-230.0
  0
LWPOLYLINE
  5
66
330
1F
100
AcDbEntity
  8
0
  6
Continuous
 62
     7
370
    18
100
AcDbPolyline
 90
        4
 70
     1
 43
0.0
 10
160.0
 20
0.0
 10
230.0
 20
0.0
 10
230.0
 20
-70.0
 10
160.0
 20
-70.0
  0
LWPOLYLINE
  5
67
330
1F
100
AcDbEntity
  8
0
  6
Continuous
 62
     7
370
    18
100
AcDbPolyline
 90
        4
 70
     1
 43
0.0
 10
0.0
 20
160.0
 10
70.0
 20
160.0
 10
70.0
 20
90.0
 10
0.0
 20
90.0
  0
LWPOLYLINE
  5
68
330
1F
100
AcDbEntity
  8
0
  6
Continuous
 62
     7
370
    18
100
AcDbPolyline
 90
        4
 70
     1
 43
0.0
 10
-160.0
 20
0.0
 10
-90.0
 20
0.0
 10
-90.0
 20
-70.0
 10
-160.0
 20
-70.0
  0
LWPOLYLINE
  5
69
330
1F
100
AcDbEntity
  8
stone
  6
Continuous
 62
   250
420
  2434089
370
    18
100
AcDbPolyline
 90
        2
 70
     0
 43
0.0
 10
86.62915962331016
 20
69.26050221217088
 10
84.5713320042625
 20
69.26050221217088
  0
LWPOLYLINE
  5
6B
330
1F
100
AcDbEntity
  8
timber_light
  6
Continuous
 62
     5
370
    18
100
AcDbPolyline
 90
        2
 70
     0
 43
0.0
 10
86.62915962331016
 20
62.6210570981232
 10
84.5713320042625
 20
62.6210570981232
  0
LWPOLYLINE
  5
6D
330
1F
100
AcDbEntity
  8
earth_clay
  6
Continuous
 62
     1
420
 16449798
370
    18
100
AcDbPolyline
 90
        2
 70
     0
 43
0.0
 10
86.62915962331016
 20
59.30133454109937
 10
84.5713320042625
 20
59.30133454109937
  0
LWPOLYLINE
  5
6F
330
1F
100
AcDbEntity
  8
opening_w
  6
Continuous
 62
     3
370
    18
100
AcDbPolyline
 90
        2
 70
     0
 43
0.0
 10
86.62915962331016
 20
32.74355408490867
 10
84.5713320042625
 20
32.74355408490867
  0
LWPOLYLINE
  5
71
330
1F
100
AcDbEntity
  8
thatch_roof
  6
Continuous
 62
    30
420
 16740608
370
    18
100
AcDbPolyline
 90
        2
 70
     0
 43
0.0
 10
140.2898437379133
 20
69.21350292353173
 10
138.2320161188657
 20
69.21350292353173
  0
LWPOLYLINE
  5
73
330
1F
100
AcDbEntity
  8
shingle_roof
  6
Continuous
 62
   190
420
  7209215
370
    18
100
AcDbPolyline
 90
        2
 70
     0
 43
0.0
 10
140.2898437379133
 20
65.79958352161808
 10
138.2320161188657
 20
65.79958352161808
  0
LWPOLYLINE
  5
75
330
1F
100
AcDbEntity
  8
hearth
  6
Continuous
 62
    52
420
 14666752
370
    18
100
AcDbPolyline
 90
        2
 70
     0
 43
0.0
 10
191.159345101628
 20
69.26050221217088
 10
189.1015174825803
 20
69.26050221217088
  0
LWPOLYLINE
  5
77
330
1F
100
AcDbEntity
  8
kitchen
  6
Continuous
 62
    25
420
 10053171
370
    18
100
AcDbPolyline
 90
        2
 70
     0
 43
0.0
 10
191.159345101628
 20
65.7452851907732
 10
189.1015174825803
 20
65.7452851907732
  0
LWPOLYLINE
  5
79
330
1F
100
AcDbEntity
  8
wind_breaker
  6
Continuous
 62
   220
420
 16187569
370
    18
100
AcDbPolyline
 90
        2
 70
     0
 43
0.0
 10
191.159345101628
 20
62.6210570981232
 10
189.1015174825803
 20
62.6210570981232
  0
LWPOLYLINE
  5
7B
330
1F
100
AcDbEntity
  8
evaporative_cooling_pool
  6
Continuous
 62
   132
420
    56549
370
    18
100
AcDbPolyline
 90
        2
 70
     0
 43
0.0
 10
191.159345101628
 20
59.10447365459866
 10
189.1015174825803
 20
59.10447365459866
  0
LWPOLYLINE
  5
7D
330
1F
100
AcDbEntity
  8
boundary_rectangle
  6
Continuous
 62
     7
370
    18
100
AcDbPolyline
 90
        2
 70
     0
 43
0.0
 10
165.7245944197706
 20
69.21350292353173
 10
163.666766800723
 20
69.21350292353173
  0
LWPOLYLINE
  5
7F
330
1F
100
AcDbEntity
  8
ceiling_height
  6
Continuous
 62
    21
420
 15770530
370
    18
100
AcDbPolyline
 90
        2
 70
     0
 43
0.0
 10
165.7245944197707
 20
55.58789021107412
 10
163.666766800723
 20
55.58789021107412
  0
LWPOLYLINE
  5
81
330
1F
100
AcDbEntity
  8
section_marker
  6
Continuous
 62
    43
420
 13479305
370
    18
100
AcDbPolyline
 90
        2
 70
     0
 43
0.0
 10
165.7245944197707
 20
62.6210570981232
 10
163.666766800723
 20
62.6210570981232
  0
LWPOLYLINE
  5
83
330
1F
100
AcDbEntity
  8
0
  6
Continuous
 62
     7
370
    18
100
AcDbPolyline
 90
        4
 70
     1
 43
0.0
 10
80.0
 20
80.0
 10
230.0
 20
80.0
 10
230.0
 20
10.00000000000001
 10
80.0
 20
10.00000000000001
  0
LWPOLYLINE
  5
84
330
1F
100
AcDbEntity
  8
courtyard
  6
Continuous
 62
   209
420
  4661586
370
    18
100
AcDbPolyline
 90
        2
 70
     0
 43
0.0
 10
191.159345101628
 20
55.58789021107411
 10
189.1015174825803
 20
55.58789021107411
  0
LWPOLYLINE
  5
86
330
1F
100
AcDbEntity
  8
north_arrow
  6
Continuous
 62
    39
420
  4864309
370
    18
100
AcDbPolyline
 90
        2
 70
     0
 43
0.0
 10
165.7245944197706
 20
65.7452851907732
 10
163.666766800723
 20
65.7452851907732
  0
LWPOLYLINE
  5
88
330
1F
100
AcDbEntity
  8
plinth
  6
Continuous
 62
   231
420
 15888047
370
    18
100
AcDbPolyline
 90
        2
 70
     0
 43
0.0
 10
191.159345101628
 20
45.03813988050049
 10
189.1015174825803
 20
45.03813988050049
  0
LWPOLYLINE
  5
8A
330
1F
100
AcDbEntity
  8
ground_line
  6
Continuous
 62
   157
420
  3692659
370
    18
100
AcDbPolyline
 90
        2
 70
     0
 43
0.0
 10
165.7245944197707
 20
41.52155643697596
 10
163.666766800723
 20
41.52155643697596
  0
LWPOLYLINE
  5
8C
330
1F
100
AcDbEntity
  8
timber_frame_earth
  6
Continuous
 62
   224
420
 10551392
370
    20
100
AcDbPolyline
 90
        2
 70
     0
 43
0.0
 10
86.62915962331016
 20
55.98161198407553
 10
84.5713320042625
 20
55.98161198407553
  0
LWPOLYLINE
  5
8E
330
1F
100
AcDbEntity
  8
building_outline
  6
Continuous
 62
    11
420
 16739176
370
    18
100
AcDbPolyline
 90
        2
 70
     0
 43
0.0
 10
165.7245944197707
 20
59.10447365459866
 10
163.666766800723
 20
59.10447365459866
  0
LWPOLYLINE
  5
90
330
1F
100
AcDbEntity
  8
eaves
  6
Continuous
 62
    81
420
 11069593
370
    18
100
AcDbPolyline
 90
        2
 70
     0
 43
0.0
 10
165.7245944197707
 20
52.07130676754958
 10
163.666766800723
 20
52.07130676754958
  0
LWPOLYLINE
  5
92
330
1F
100
AcDbEntity
  8
rake
  6
Continuous
 62
   151
420
 11324159
370
    18
100
AcDbPolyline
 90
        2
 70
     0
 43
0.0
 10
165.7245944197707
 20
45.0381398805005
 10
163.666766800723
 20
45.0381398805005
  0
LWPOLYLINE
  5
94
330
1F
100
AcDbEntity
  8
animals
  6
Continuous
 62
   105
420
  6789736
370
    18
100
AcDbPolyline
 90
        2
 70
     0
 43
0.0
 10
191.159345101628
 20
41.52155643697597
 10
189.1015174825803
 20
41.52155643697597
  0
LWPOLYLINE
  5
96
330
1F
100
AcDbEntity
  8
timber_solid
  6
Continuous
 62
   166
420
   267632
370
    18
100
AcDbPolyline
 90
        2
 70
     0
 43
0.0
 10
86.62915962331016
 20
52.66188942705169
 10
84.5713320042625
 20
52.66188942705169
  0
LWPOLYLINE
  5
98
330
1F
100
AcDbEntity
  8
basement
  6
Continuous
 62
   252
420
  9081242
370
    18
100
AcDbPolyline
 90
        2
 70
     0
 43
0.0
 10
191.159345101628
 20
38.00497299345145
 10
189.1015174825803
 20
38.00497299345145
  0
LWPOLYLINE
  5
9A
330
1F
100
AcDbEntity
  8
ceramic_tile_roof
  6
Continuous
 62
    24
420
  9639690
370
    18
100
AcDbPolyline
 90
        2
 70
     0
 43
0.0
 10
140.2898437379133
 20
62.6210570981232
 10
138.2320161188657
 20
62.6210570981232
  0
LWPOLYLINE
  5
9C
330
1F
100
AcDbEntity
  8
brick
  6
Continuous
 62
    13
420
 13720381
370
    18
100
AcDbPolyline
 90
        2
 70
     0
 43
0.0
 10
86.62915962331016
 20
65.94077965514704
 10
84.5713320042625
 20
65.94077965514704
  0
LWPOLYLINE
  5
9E
330
1F
100
AcDbEntity
  8
concrete
  6
Continuous
 62
   251
420
  6971470
370
    18
100
AcDbPolyline
 90
        2
 70
     0
 43
0.0
 10
86.62915962331016
 20
49.34216687002785
 10
84.5713320042625
 20
49.34216687002785
  0
LWPOLYLINE
  5
A0
330
1F
100
AcDbEntity
  8
peat_turf
  6
Continuous
 62
    98
420
    22784
370
    18
100
AcDbPolyline
 90
        2
 70
     0
 43
0.0
 10
86.62915962331016
 20
46.02244431300402
 10
84.5713320042625
 20
46.02244431300402
  0
LWPOLYLINE
  5
A2
330
1F
100
AcDbEntity
  8
thatch_organic
  6
Continuous
 62
    20
420
 16735488
370
    18
100
AcDbPolyline
 90
        2
 70
     0
 43
0.0
 10
86.62915962331016
 20
42.70272175598018
 10
84.5713320042625
 20
42.70272175598018
  0
LWPOLYLINE
  5
A4
330
1F
100
AcDbEntity
  8
slate_roof
  6
Continuous
 62
   251
420
  5592143
370
    18
100
AcDbPolyline
 90
        2
 70
     0
 43
0.0
 10
140.2898437379133
 20
59.44253067462833
 10
138.2320161188657
 20
59.44253067462833
  0
LWPOLYLINE
  5
A6
330
1F
100
AcDbEntity
  8
solar_chimney
  6
Continuous
 62
     2
420
 15138560
370
    18
100
AcDbPolyline
 90
        2
 70
     0
 43
0.0
 10
191.159345101628
 20
52.07130676754957
 10
189.1015174825803
 20
52.07130676754957
  0
LWPOLYLINE
  5
A8
330
1F
100
AcDbEntity
  8
windcatcher
  6
Continuous
 62
   140
420
    51967
370
    18
100
AcDbPolyline
 90
        2
 70
     0
 43
0.0
 10
191.159345101628
 20
48.55472332402502
 10
189.1015174825803
 20
48.55472332402502
  0
LWPOLYLINE
  5
AB
330
1F
100
AcDbEntity
  8
stone_int
  6
Strichlinie eng
 62
   250
420
  2434089
370
    18
100
AcDbPolyline
 90
        2
 70
     0
 43
0.0
 10
107.7848901712894
 20
69.26050221217088
 10
105.7270625522417
 20
69.26050221217088
  0
LWPOLYLINE
  5
AD
330
1F
100
AcDbEntity
  8
timber_light_int
  6
Strichlinie eng
 62
     5
370
    18
100
AcDbPolyline
 90
        2
 70
     0
 43
0.0
 10
107.7848901712894
 20
62.6210570981232
 10
105.7270625522417
 20
62.6210570981232
  0
LWPOLYLINE
  5
AF
330
1F
100
AcDbEntity
  8
earth_clay_int
  6
Strichlinie eng
 62
     1
420
 16449798
370
    18
100
AcDbPolyline
 90
        2
 70
     0
 43
0.0
 10
107.7848901712894
 20
59.30133454109937
 10
105.7270625522417
 20
59.30133454109937
  0
LWPOLYLINE
  5
B1
330
1F
100
AcDbEntity
  8
timber_frame_earth_int
  6
Strichlinie eng
 62
   224
420
 10551392
370
    20
100
AcDbPolyline
 90
        2
 70
     0
 43
0.0
 10
107.7848901712894
 20
55.98161198407553
 10
105.7270625522417
 20
55.98161198407553
  0
LWPOLYLINE
  5
B3
330
1F
100
AcDbEntity
  8
timber_solid_int
  6
Strichlinie eng
 62
   166
420
   267632
370
    18
100
AcDbPolyline
 90
        2
 70
     0
 43
0.0
 10
107.7848901712894
 20
52.66188942705169
 10
105.7270625522417
 20
52.66188942705169
  0
LWPOLYLINE
  5
B5
330
1F
100
AcDbEntity
  8
brick_int
  6
Strichlinie eng
 62
    13
420
 13720381
370
    18
100
AcDbPolyline
 90
        2
 70
     0
 43
0.0
 10
107.7848901712894
 20
65.94077965514704
 10
105.7270625522417
 20
65.94077965514704
  0
LWPOLYLINE
  5
B7
330
1F
100
AcDbEntity
  8
concrete_int
  6
Strichlinie eng
 62
   251
420
  6971470
370
    18
100
AcDbPolyline
 90
        2
 70
     0
 43
0.0
 10
107.7848901712894
 20
49.34216687002785
 10
105.7270625522417
 20
49.34216687002785
  0
LWPOLYLINE
  5
B9
330
1F
100
AcDbEntity
  8
peat_turf_int
  6
Strichlinie eng
 62
    98
420
    22784
370
    18
100
AcDbPolyline
 90
        2
 70
     0
 43
0.0
 10
107.7848901712894
 20
46.02244431300402
 10
105.7270625522417
 20
46.02244431300402
  0
LWPOLYLINE
  5
BB
330
1F
100
AcDbEntity
  8
thatch_organic_int
  6
Strichlinie eng
 62
    20
420
 16735488
370
    18
100
AcDbPolyline
 90
        2
 70
     0
 43
0.0
 10
107.7848901712894
 20
42.70272175598018
 10
105.7270625522417
 20
42.70272175598018
  0
LWPOLYLINE
  5
BD
330
1F
100
AcDbEntity
  8
turf_roof
  6
Continuous
 62
    98
420
    24576
370
    18
100
AcDbPolyline
 90
        2
 70
     0
 43
0.0
 10
140.2898437379133
 20
56.26400425113346
 10
138.2320161188657
 20
56.26400425113346
  0
LWPOLYLINE
  5
BF
330
1F
100
AcDbEntity
  8
opening_d
  6
Continuous
 62
   110
420
    65438
370
    18
100
AcDbPolyline
 90
        2
 70
     0
 43
0.0
 10
86.62915962331016
 20
29.42383152788483
 10
84.5713320042625
 20
29.42383152788483
  0
LWPOLYLINE
  5
C1
330
1F
100
AcDbEntity
  8
vegetation
  6
Continuous
 62
   114
420
    45124
370
    18
100
AcDbPolyline
 90
        2
 70
     0
 43
0.0
 10
191.159345101628
 20
34.48838954992692
 10
189.1015174825803
 20
34.48838954992692
  0
LWPOLYLINE
  5
C3
330
1F
100
AcDbEntity
  8
not_read_by_script
  6
Continuous
 62
     6
370
    18
100
AcDbPolyline
 90
        2
 70
     0
 43
0.0
 10
191.159345101628
 20
30.9718061064024
 10
189.1015174825803
 20
30.9718061064024
  0
LWPOLYLINE
  5
C5
330
1F
100
AcDbEntity
  8
snow
  6
Continuous
 62
   141
420
 11070463
370
    18
100
AcDbPolyline
 90
        2
 70
     0
 43
0.0
 10
86.62915962331016
 20
39.38299919895634
 10
84.5713320042625
 20
39.38299919895634
  0
LWPOLYLINE
  5
C7
330
1F
100
AcDbEntity
  8
wool_felt
  6
Continuous
 62
   193
420
  9860263
370
    18
100
AcDbPolyline
 90
        2
 70
     0
 43
0.0
 10
86.62915962331016
 20
36.0632766419325
 10
84.5713320042625
 20
36.0632766419325
  0
LWPOLYLINE
  5
C9
330
1F
100
AcDbEntity
  8
no_eaves_eave_height
  6
Strichlinie eng
 62
    81
420
 11069593
370
    18
100
AcDbPolyline
 90
        2
 70
     0
 43
0.0
 10
165.7245944197707
 20
48.55472332402504
 10
163.666766800723
 20
48.55472332402504
  0
CIRCLE
  5
CB
330
1F
100
AcDbEntity
  8
0
  6
Continuous
 62
    39
420
  4864309
370
    18
100
AcDbCircle
 10
65.52812720722862
 20
-65.33954549892272
 30
0.0
 40
1.572476190476192
  0
MTEXT
  5
CD
330
1F
100
AcDbEntity
  8
0
  6
Continuous
 62
     7
370
    18
100
AcDbMText
 10
1.650866832726791
 20
-65.36528497813157
 30
0.0
 40
2.153122967007825
 41
0.0
 46
0.0
 71
     1
 72
     1
  1
\A1;{\pql;\fArial|b1|i0|c0|p0;\W1.000000;floor_plan}
  7
ERSTELLTER_STIL_1
 73
     1
 44
1.0
  0
MTEXT
  5
CE
330
1F
100
AcDbEntity
  8
0
  6
Continuous
 62
     7
370
    18
100
AcDbMText
 10
81.65086683272679
 20
-65.36528497813157
 30
0.0
 40
2.153122967007825
 41
0.0
 46
0.0
 71
     1
 72
     1
  1
\A1;{\pql;\fArial|b1|i0|c0|p0;\W1.000000;section02}
  7
ERSTELLTER_STIL_1
 73
     1
 44
1.0
  0
MTEXT
  5
CF
330
1F
100
AcDbEntity
  8
0
  6
Continuous
 62
     7
370
    18
100
AcDbMText
 10
1.650866832726791
 20
-145.3652849781316
 30
0.0
 40
2.153122967007825
 41
0.0
 46
0.0
 71
     1
 72
     1
  1
\A1;{\pql;\fArial|b1|i0|c0|p0;\W1.000000;section03}
  7
ERSTELLTER_STIL_1
 73
     1
 44
1.0
  0
MTEXT
  5
D0
330
1F
100
AcDbEntity
  8
0
  6
Continuous
 62
     7
370
    18
100
AcDbMText
 10
1.650866832726791
 20
14.63471502186843
 30
0.0
 40
2.153122967007825
 41
0.0
 46
0.0
 71
     1
 72
     1
  1
\A1;{\pql;\fArial|b1|i0|c0|p0;\W1.000000;section01}
  7
ERSTELLTER_STIL_1
 73
     1
 44
1.0
  0
MTEXT
  5
D1
330
1F
100
AcDbEntity
  8
0
  6
Continuous
 62
     7
370
    18
100
AcDbMText
 10
-78.59799982288526
 20
-65.11641832251897
 30
0.0
 40
2.153122967007824
 41
0.0
 46
0.0
 71
     1
 72
     1
  1
\A1;{\pql;\fArial|b1|i0|c0|p0;\W1.000000;section04}
  7
ERSTELLTER_STIL_1
 73
     1
 44
1.0
  0
MTEXT
  5
D2
330
1F
100
AcDbEntity
  8
0
  6
Continuous
 62
     7
370
    18
100
AcDbMText
 10
1.650866832726791
 20
-225.3652849781316
 30
0.0
 40
2.153122967007825
 41
0.0
 46
0.0
 71
     1
 72
     1
  1
\A1;{\pql;\fArial|b1|i0|c0|p0;\W1.000000;elevation03}
  7
ERSTELLTER_STIL_1
 73
     1
 44
1.0
  0
MTEXT
  5
D3
330
1F
100
AcDbEntity
  8
0
  6
Continuous
 62
     7
370
    18
100
AcDbMText
 10
161.6508668327268
 20
-65.36528497813157
 30
0.0
 40
2.153122967007825
 41
0.0
 46
0.0
 71
     1
 72
     1
  1
\A1;{\pql;\fArial|b1|i0|c0|p0;\W1.000000;elevation02}
  7
ERSTELLTER_STIL_1
 73
     1
 44
1.0
  0
MTEXT
  5
D4
330
1F
100
AcDbEntity
  8
0
  6
Continuous
 62
     7
370
    18
100
AcDbMText
 10
1.650866832726791
 20
94.63471502186843
 30
0.0
 40
2.153122967007825
 41
0.0
 46
0.0
 71
     1
 72
     1
  1
\A1;{\pql;\fArial|b1|i0|c0|p0;\W1.000000;elevation01}
  7
ERSTELLTER_STIL_1
 73
     1
 44
1.0
  0
MTEXT
  5
D5
330
1F
100
AcDbEntity
  8
0
  6
Continuous
 62
     7
370
    18
100
AcDbMText
 10
-158.5979998228852
 20
-65.11641832251897
 30
0.0
 40
2.153122967007824
 41
0.0
 46
0.0
 71
     1
 72
     1
  1
\A1;{\pql;\fArial|b1|i0|c0|p0;\W1.000000;elevation04}
  7
ERSTELLTER_STIL_1
 73
     1
 44
1.0
  0
MTEXT
  5
D7
330
1F
100
AcDbEntity
  8
stone
  6
Continuous
 62
   250
420
  2434089
370
    18
100
AcDbMText
 10
87.65807343283399
 20
69.99009596763021
 30
0.0
 40
1.309523809523811
 41
0.0
 46
0.0
 71
     1
 72
     1
  1
\A1;{\pql;\fArial|b0|i0|c0|p0;\W1.000000;stone}
  7
ERSTELLTER_STIL_2
 73
     1
 44
1.0
  0
MTEXT
  5
D8
330
1F
100
AcDbEntity
  8
timber_light
  6
Continuous
 62
     5
370
    18
100
AcDbMText
 10
87.65807343283399
 20
63.35065085358254
 30
0.0
 40
1.30952380952381
 41
0.0
 46
0.0
 71
     1
 72
     1
  1
\A1;{\pql;\fArial|b0|i0|c0|p0;\W1.000000;timber_light}
  7
ERSTELLTER_STIL_2
 73
     1
 44
1.0
  0
MTEXT
  5
D9
330
1F
100
AcDbEntity
  8
earth_clay
  6
Continuous
 62
     1
420
 16449798
370
    18
100
AcDbMText
 10
87.65807343283399
 20
60.0309282965587
 30
0.0
 40
1.30952380952381
 41
0.0
 46
0.0
 71
     1
 72
     1
  1
\A1;{\pql;\fArial|b0|i0|c0|p0;\W1.000000;earth_clay}
  7
ERSTELLTER_STIL_2
 73
     1
 44
1.0
  0
MTEXT
  5
DA
330
1F
100
AcDbEntity
  8
opening_w
  6
Continuous
 62
     3
370
    18
100
AcDbMText
 10
87.65807343283399
 20
33.473147840368
 30
0.0
 40
1.30952380952381
 41
0.0
 46
0.0
 71
     1
 72
     1
  1
\A1;{\pql;\fArial|b0|i0|c0|p0;\W1.000000;opening_w}
  7
ERSTELLTER_STIL_2
 73
     1
 44
1.0
  0
MTEXT
  5
DB
330
1F
100
AcDbEntity
  8
thatch_roof
  6
Continuous
 62
    30
420
 16740608
370
    18
100
AcDbMText
 10
141.3187575474372
 20
69.94309667899107
 30
0.0
 40
1.30952380952381
 41
0.0
 46
0.0
 71
     1
 72
     1
  1
\A1;{\pql;\fArial|b0|i0|c0|p0;\W1.000000;thatch_roof}
  7
ERSTELLTER_STIL_2
 73
     1
 44
1.0
  0
MTEXT
  5
DC
330
1F
100
AcDbEntity
  8
shingle_roof
  6
Continuous
 62
   190
420
  7209215
370
    18
100
AcDbMText
 10
141.3187575474372
 20
66.52917727707741
 30
0.0
 40
1.30952380952381
 41
0.0
 46
0.0
 71
     1
 72
     1
  1
\A1;{\pql;\fArial|b0|i0|c0|p0;\W1.000000;shingle_roof}
  7
ERSTELLTER_STIL_2
 73
     1
 44
1.0
  0
MTEXT
  5
DD
330
1F
100
AcDbEntity
  8
hearth
  6
Continuous
 62
    52
420
 14666752
370
    18
100
AcDbMText
 10
192.1882589111518
 20
69.99009596763021
 30
0.0
 40
1.30952380952381
 41
0.0
 46
0.0
 71
     1
 72
     1
  1
\A1;{\pql;\fArial|b0|i0|c0|p0;\W1.000000;hearth}
  7
ERSTELLTER_STIL_2
 73
     1
 44
1.0
  0
MTEXT
  5
DE
330
1F
100
AcDbEntity
  8
kitchen
  6
Continuous
 62
    25
420
 10053171
370
    18
100
AcDbMText
 10
192.1882589111518
 20
66.47487894623254
 30
0.0
 40
1.30952380952381
 41
0.0
 46
0.0
 71
     1
 72
     1
  1
\A1;{\pql;\fArial|b0|i0|c0|p0;\W1.000000;kitchen}
  7
ERSTELLTER_STIL_2
 73
     1
 44
1.0
  0
MTEXT
  5
DF
330
1F
100
AcDbEntity
  8
wind_breaker
  6
Continuous
 62
   220
420
 16187569
370
    18
100
AcDbMText
 10
192.1882589111518
 20
63.35065085358253
 30
0.0
 40
1.30952380952381
 41
0.0
 46
0.0
 71
     1
 72
     1
  1
\A1;{\pql;\fArial|b0|i0|c0|p0;\W1.000000;wind_breaker}
  7
ERSTELLTER_STIL_2
 73
     1
 44
1.0
  0
MTEXT
  5
E0
330
1F
100
AcDbEntity
  8
evaporative_cooling_pool
  6
Continuous
 62
   132
420
    56549
370
    18
100
AcDbMText
 10
192.1882589111518
 20
59.83406741005799
 30
0.0
 40
1.30952380952381
 41
0.0
 46
0.0
 71
     1
 72
     1
  1
\A1;{\pql;\fArial|b0|i0|c0|p0;\W1.000000;evaporative_cooling_pool}
  7
ERSTELLTER_STIL_2
 73
     1
 44
1.0
  0
MTEXT
  5
E1
330
1F
100
AcDbEntity
  8
boundary_rectangle
  6
Continuous
 62
     7
370
    18
100
AcDbMText
 10
166.7535082292945
 20
69.94309667899107
 30
0.0
 40
1.30952380952381
 41
0.0
 46
0.0
 71
     1
 72
     1
  1
\A1;{\pql;\fArial|b0|i0|c0|p0;\W1.000000;boundary_rectangle}
  7
ERSTELLTER_STIL_2
 73
     1
 44
1.0
  0
MTEXT
  5
E2
330
1F
100
AcDbEntity
  8
ceiling_height
  6
Continuous
 62
    21
420
 15770530
370
    18
100
AcDbMText
 10
166.7535082292945
 20
56.31748396653345
 30
0.0
 40
1.30952380952381
 41
0.0
 46
0.0
 71
     1
 72
     1
  1
\A1;{\pql;\fArial|b0|i0|c0|p0;\W1.000000;ceiling_height}
  7
ERSTELLTER_STIL_2
 73
     1
 44
1.0
  0
MTEXT
  5
E3
330
1F
100
AcDbEntity
  8
section_marker
  6
Continuous
 62
    43
420
 13479305
370
    18
100
AcDbMText
 10
166.7535082292945
 20
63.35065085358253
 30
0.0
 40
1.30952380952381
 41
0.0
 46
0.0
 71
     1
 72
     1
  1
\A1;{\pql;\fArial|b0|i0|c0|p0;\W1.000000;section_marker}
  7
ERSTELLTER_STIL_2
 73
     1
 44
1.0
  0
MTEXT
  5
E4
330
1F
100
AcDbEntity
  8
0
  6
Continuous
 62
     7
370
    18
100
AcDbMText
 10
81.65086683272679
 20
14.63471502186844
 30
0.0
 40
2.153122967007824
 41
0.0
 46
0.0
 71
     1
 72
     1
  1
\A1;{\pql;\fArial|b1|i0|c0|p0;\W1.000000;legend}
  7
ERSTELLTER_STIL_1
 73
     1
 44
1.0
  0
MTEXT
  5
E5
330
1F
100
AcDbEntity
  8
courtyard
  6
Continuous
 62
   209
420
  4661586
370
    18
100
AcDbMText
 10
192.1882589111518
 20
56.31748396653344
 30
0.0
 40
1.30952380952381
 41
0.0
 46
0.0
 71
     1
 72
     1
  1
\A1;{\pql;\fArial|b0|i0|c0|p0;\W1.000000;courtyard}
  7
ERSTELLTER_STIL_2
 73
     1
 44
1.0
  0
MTEXT
  5
E6
330
1F
100
AcDbEntity
  8
north_arrow
  6
Continuous
 62
    39
420
  4864309
370
    18
100
AcDbMText
 10
166.7535082292945
 20
66.47487894623254
 30
0.0
 40
1.30952380952381
 41
0.0
 46
0.0
 71
     1
 72
     1
  1
\A1;{\pql;\fArial|b0|i0|c0|p0;\W1.000000;north_arrow}
  7
ERSTELLTER_STIL_2
 73
     1
 44
1.0
  0
MTEXT
  5
E7
330
1F
100
AcDbEntity
  8
plinth
  6
Continuous
 62
   231
420
 15888047
370
    18
100
AcDbMText
 10
192.1882589111518
 20
45.76773363595983
 30
0.0
 40
1.30952380952381
 41
0.0
 46
0.0
 71
     1
 72
     1
  1
\A1;{\pql;\fArial|b0|i0|c0|p0;\W1.000000;plinth}
  7
ERSTELLTER_STIL_2
 73
     1
 44
1.0
  0
MTEXT
  5
E8
330
1F
100
AcDbEntity
  8
ground_line
  6
Continuous
 62
   157
420
  3692659
370
    18
100
AcDbMText
 10
166.7535082292945
 20
42.2511501924353
 30
0.0
 40
1.30952380952381
 41
0.0
 46
0.0
 71
     1
 72
     1
  1
\A1;{\pql;\fArial|b0|i0|c0|p0;\W1.000000;ground_line}
  7
ERSTELLTER_STIL_2
 73
     1
 44
1.0
  0
MTEXT
  5
E9
330
1F
100
AcDbEntity
  8
timber_frame_earth
  6
Continuous
 62
   224
420
 10551392
370
    20
100
AcDbMText
 10
87.65807343283399
 20
56.71120573953486
 30
0.0
 40
1.30952380952381
 41
0.0
 46
0.0
 71
     1
 72
     1
  1
\A1;{\pql;\fArial|b0|i0|c0|p0;\W1.000000;timber_frame_earth}
  7
ERSTELLTER_STIL_2
 73
     1
 44
1.0
  0
MTEXT
  5
EA
330
1F
100
AcDbEntity
  8
building_outline
  6
Continuous
 62
    11
420
 16739176
370
    18
100
AcDbMText
 10
166.7535082292945
 20
59.83406741005799
 30
0.0
 40
1.30952380952381
 41
0.0
 46
0.0
 71
     1
 72
     1
  1
\A1;{\pql;\fArial|b0|i0|c0|p0;\W1.000000;building_outline}
  7
ERSTELLTER_STIL_2
 73
     1
 44
1.0
  0
MTEXT
  5
EB
330
1F
100
AcDbEntity
  8
eaves
  6
Continuous
 62
    81
420
 11069593
370
    18
100
AcDbMText
 10
166.7535082292945
 20
52.80090052300891
 30
0.0
 40
1.30952380952381
 41
0.0
 46
0.0
 71
     1
 72
     1
  1
\A1;{\pql;\fArial|b0|i0|c0|p0;\W1.000000;eaves}
  7
ERSTELLTER_STIL_2
 73
     1
 44
1.0
  0
MTEXT
  5
EC
330
1F
100
AcDbEntity
  8
rake
  6
Continuous
 62
   151
420
 11324159
370
    18
100
AcDbMText
 10
166.7535082292945
 20
45.76773363595984
 30
0.0
 40
1.30952380952381
 41
0.0
 46
0.0
 71
     1
 72
     1
  1
\A1;{\pql;\fArial|b0|i0|c0|p0;\W1.000000;rake}
  7
ERSTELLTER_STIL_2
 73
     1
 44
1.0
  0
MTEXT
  5
ED
330
1F
100
AcDbEntity
  8
animals
  6
Continuous
 62
   105
420
  6789736
370
    18
100
AcDbMText
 10
192.1882589111518
 20
42.2511501924353
 30
0.0
 40
1.30952380952381
 41
0.0
 46
0.0
 71
     1
 72
     1
  1
\A1;{\pql;\fArial|b0|i0|c0|p0;\W1.000000;animals}
  7
ERSTELLTER_STIL_2
 73
     1
 44
1.0
  0
MTEXT
  5
EE
330
1F
100
AcDbEntity
  8
timber_solid
  6
Continuous
 62
   166
420
   267632
370
    18
100
AcDbMText
 10
87.65807343283399
 20
53.39148318251102
 30
0.0
 40
1.30952380952381
 41
0.0
 46
0.0
 71
     1
 72
     1
  1
\A1;{\pql;\fArial|b0|i0|c0|p0;\W1.000000;timber_solid}
  7
ERSTELLTER_STIL_2
 73
     1
 44
1.0
  0
MTEXT
  5
EF
330
1F
100
AcDbEntity
  8
basement
  6
Continuous
 62
   252
420
  9081242
370
    18
100
AcDbMText
 10
192.1882589111518
 20
38.73456674891078
 30
0.0
 40
1.30952380952381
 41
0.0
 46
0.0
 71
     1
 72
     1
  1
\A1;{\pql;\fArial|b0|i0|c0|p0;\W1.000000;basement}
  7
ERSTELLTER_STIL_2
 73
     1
 44
1.0
  0
MTEXT
  5
F0
330
1F
100
AcDbEntity
  8
ceramic_tile_roof
  6
Continuous
 62
    24
420
  9639690
370
    18
100
AcDbMText
 10
141.3187575474372
 20
63.35065085358254
 30
0.0
 40
1.30952380952381
 41
0.0
 46
0.0
 71
     1
 72
     1
  1
\A1;{\pql;\fArial|b0|i0|c0|p0;\W1.000000;ceramic_tile_roof}
  7
ERSTELLTER_STIL_2
 73
     1
 44
1.0
  0
MTEXT
  5
F1
330
1F
100
AcDbEntity
  8
0
  6
Continuous
 62
     7
370
    18
100
AcDbMText
 10
84.5713320042625
 20
77.07337027198021
 30
0.0
 40
1.7
 41
0.0
 46
0.0
 71
     1
 72
     1
  1
\A1;{\pql;\fArial|b0|i0|c0|p0;\W1.000000;_wall/ slab}
  7
ERSTELLTER_STIL_2
 73
     1
 44
1.0
  0
MTEXT
  5
F2
330
1F
100
AcDbEntity
  8
0
  6
Continuous
 62
     7
370
    18
100
AcDbMText
 10
138.2320161188657
 20
77.07337027198021
 30
0.0
 40
1.7
 41
0.0
 46
0.0
 71
     1
 72
     1
  1
\A1;{\pql;\fArial|b0|i0|c0|p0;\W1.000000;_roof}
  7
ERSTELLTER_STIL_2
 73
     1
 44
1.0
  0
MTEXT
  5
F3
330
1F
100
AcDbEntity
  8
0
  6
Continuous
 62
     7
370
    18
100
AcDbMText
 10
163.666766800723
 20
77.07337027198021
 30
0.0
 40
1.7
 41
0.0
 46
0.0
 71
     1
 72
     1
  1
\A1;{\pql;\fArial|b0|i0|c0|p0;\W1.000000;_markers}
  7
ERSTELLTER_STIL_2
 73
     1
 44
1.0
  0
MTEXT
  5
F4
330
1F
100
AcDbEntity
  8
0
  6
Continuous
 62
     7
370
    18
100
AcDbMText
 10
189.1015174825803
 20
77.07337027198021
 30
0.0
 40
1.7
 41
0.0
 46
0.0
 71
     1
 72
     1
  1
\A1;{\pql;\fArial|b0|i0|c0|p0;\W1.000000;_special}
  7
ERSTELLTER_STIL_2
 73
     1
 44
1.0
  0
MTEXT
  5
F5
330
1F
100
AcDbEntity
  8
brick
  6
Continuous
 62
    13
420
 13720381
370
    18
100
AcDbMText
 10
87.65807343283399
 20
66.67037341060637
 30
0.0
 40
1.309523809523811
 41
0.0
 46
0.0
 71
     1
 72
     1
  1
\A1;{\pql;\fArial|b0|i0|c0|p0;\W1.000000;brick}
  7
ERSTELLTER_STIL_2
 73
     1
 44
1.0
  0
MTEXT
  5
F6
330
1F
100
AcDbEntity
  8
concrete
  6
Continuous
 62
   251
420
  6971470
370
    18
100
AcDbMText
 10
87.65807343283399
 20
50.07176062548719
 30
0.0
 40
1.30952380952381
 41
0.0
 46
0.0
 71
     1
 72
     1
  1
\A1;{\pql;\fArial|b0|i0|c0|p0;\W1.000000;concrete}
  7
ERSTELLTER_STIL_2
 73
     1
 44
1.0
  0
MTEXT
  5
F7
330
1F
100
AcDbEntity
  8
peat_turf
  6
Continuous
 62
    98
420
    22784
370
    18
100
AcDbMText
 10
87.65807343283399
 20
46.75203806846335
 30
0.0
 40
1.30952380952381
 41
0.0
 46
0.0
 71
     1
 72
     1
  1
\A1;{\pql;\fArial|b0|i0|c0|p0;\W1.000000;peat_turf}
  7
ERSTELLTER_STIL_2
 73
     1
 44
1.0
  0
MTEXT
  5
F8
330
1F
100
AcDbEntity
  8
thatch_organic
  6
Continuous
 62
    20
420
 16735488
370
    18
100
AcDbMText
 10
87.65807343283399
 20
43.43231551143951
 30
0.0
 40
1.30952380952381
 41
0.0
 46
0.0
 71
     1
 72
     1
  1
\A1;{\pql;\fArial|b0|i0|c0|p0;\W1.000000;thatch_organic}
  7
ERSTELLTER_STIL_2
 73
     1
 44
1.0
  0
MTEXT
  5
F9
330
1F
100
AcDbEntity
  8
slate_roof
  6
Continuous
 62
   251
420
  5592143
370
    18
100
AcDbMText
 10
141.3187575474372
 20
60.17212443008766
 30
0.0
 40
1.30952380952381
 41
0.0
 46
0.0
 71
     1
 72
     1
  1
\A1;{\pql;\fArial|b0|i0|c0|p0;\W1.000000;slate_roof}
  7
ERSTELLTER_STIL_2
 73
     1
 44
1.0
  0
MTEXT
  5
FA
330
1F
100
AcDbEntity
  8
solar_chimney
  6
Continuous
 62
     2
420
 15138560
370
    18
100
AcDbMText
 10
192.1882589111518
 20
52.8009005230089
 30
0.0
 40
1.30952380952381
 41
0.0
 46
0.0
 71
     1
 72
     1
  1
\A1;{\pql;\fArial|b0|i0|c0|p0;\W1.000000;solar_chimney}
  7
ERSTELLTER_STIL_2
 73
     1
 44
1.0
  0
MTEXT
  5
FB
330
1F
100
AcDbEntity
  8
windcatcher
  6
Continuous
 62
   140
420
    51967
370
    18
100
AcDbMText
 10
192.1882589111518
 20
49.28431707948435
 30
0.0
 40
1.30952380952381
 41
0.0
 46
0.0
 71
     1
 72
     1
  1
\A1;{\pql;\fArial|b0|i0|c0|p0;\W1.000000;windcatcher}
  7
ERSTELLTER_STIL_2
 73
     1
 44
1.0
  0
MTEXT
  5
FC
330
1F
100
AcDbEntity
  8
stone_int
  6
Continuous
 62
   250
420
  2434089
370
    18
100
AcDbMText
 10
108.8138039808132
 20
69.99009596763021
 30
0.0
 40
1.309523809523811
 41
0.0
 46
0.0
 71
     1
 72
     1
  1
\A1;{\pql;\fArial|b0|i0|c0|p0;\W1.000000;stone_int}
  7
ERSTELLTER_STIL_2
 73
     1
 44
1.0
  0
MTEXT
  5
FD
330
1F
100
AcDbEntity
  8
timber_light_int
  6
Continuous
 62
     5
370
    18
100
AcDbMText
 10
108.8138039808132
 20
63.35065085358254
 30
0.0
 40
1.30952380952381
 41
0.0
 46
0.0
 71
     1
 72
     1
  1
\A1;{\pql;\fArial|b0|i0|c0|p0;\W1.000000;timber_light_int}
  7
ERSTELLTER_STIL_2
 73
     1
 44
1.0
  0
MTEXT
  5
FE
330
1F
100
AcDbEntity
  8
earth_clay_int
  6
Continuous
 62
     1
420
 16449798
370
    18
100
AcDbMText
 10
108.8138039808132
 20
60.0309282965587
 30
0.0
 40
1.30952380952381
 41
0.0
 46
0.0
 71
     1
 72
     1
  1
\A1;{\pql;\fArial|b0|i0|c0|p0;\W1.000000;earth_clay_int}
  7
ERSTELLTER_STIL_2
 73
     1
 44
1.0
  0
MTEXT
  5
FF
330
1F
100
AcDbEntity
  8
timber_frame_earth_int
  6
Continuous
 62
   224
420
 10551392
370
    20
100
AcDbMText
 10
108.8138039808132
 20
56.71120725618437
 30
0.0
 40
1.30952380952381
 41
0.0
 46
0.0
 71
     1
 72
     1
  1
\A1;{\pql;\fArial|b0|i0|c0|p0;\W1.000000;timber_frame_earth_int}
  7
ERSTELLTER_STIL_2
 73
     1
 44
1.0
  0
MTEXT
  5
100
330
1F
100
AcDbEntity
  8
timber_solid_int
  6
Continuous
 62
   166
420
   267632
370
    18
100
AcDbMText
 10
108.8138039808132
 20
53.39148318251102
 30
0.0
 40
1.30952380952381
 41
0.0
 46
0.0
 71
     1
 72
     1
  1
\A1;{\pql;\fArial|b0|i0|c0|p0;\W1.000000;timber_solid_int}
  7
ERSTELLTER_STIL_2
 73
     1
 44
1.0
  0
MTEXT
  5
101
330
1F
100
AcDbEntity
  8
brick_int
  6
Continuous
 62
    13
420
 13720381
370
    18
100
AcDbMText
 10
108.8138039808132
 20
66.67037341060637
 30
0.0
 40
1.309523809523811
 41
0.0
 46
0.0
 71
     1
 72
     1
  1
\A1;{\pql;\fArial|b0|i0|c0|p0;\W1.000000;brick_int}
  7
ERSTELLTER_STIL_2
 73
     1
 44
1.0
  0
MTEXT
  5
102
330
1F
100
AcDbEntity
  8
concrete_int
  6
Continuous
 62
   251
420
  6971470
370
    18
100
AcDbMText
 10
108.8138039808132
 20
50.07176062548719
 30
0.0
 40
1.30952380952381
 41
0.0
 46
0.0
 71
     1
 72
     1
  1
\A1;{\pql;\fArial|b0|i0|c0|p0;\W1.000000;concrete_int}
  7
ERSTELLTER_STIL_2
 73
     1
 44
1.0
  0
MTEXT
  5
103
330
1F
100
AcDbEntity
  8
peat_turf_int
  6
Continuous
 62
    98
420
    22784
370
    18
100
AcDbMText
 10
108.8138039808132
 20
46.75203806846335
 30
0.0
 40
1.30952380952381
 41
0.0
 46
0.0
 71
     1
 72
     1
  1
\A1;{\pql;\fArial|b0|i0|c0|p0;\W1.000000;peat_turf_int}
  7
ERSTELLTER_STIL_2
 73
     1
 44
1.0
  0
MTEXT
  5
104
330
1F
100
AcDbEntity
  8
thatch_organic_int
  6
Continuous
 62
    20
420
 16735488
370
    18
100
AcDbMText
 10
108.8138039808132
 20
43.43231551143951
 30
0.0
 40
1.30952380952381
 41
0.0
 46
0.0
 71
     1
 72
     1
  1
\A1;{\pql;\fArial|b0|i0|c0|p0;\W1.000000;thatch_organic_int}
  7
ERSTELLTER_STIL_2
 73
     1
 44
1.0
  0
MTEXT
  5
105
330
1F
100
AcDbEntity
  8
turf_roof
  6
Continuous
 62
    98
420
    24576
370
    18
100
AcDbMText
 10
141.3187575474372
 20
56.99359800659279
 30
0.0
 40
1.30952380952381
 41
0.0
 46
0.0
 71
     1
 72
     1
  1
\A1;{\pql;\fArial|b0|i0|c0|p0;\W1.000000;turf_roof}
  7
ERSTELLTER_STIL_2
 73
     1
 44
1.0
  0
MTEXT
  5
106
330
1F
100
AcDbEntity
  8
opening_d
  6
Continuous
 62
   110
420
    65438
370
    18
100
AcDbMText
 10
87.65807343283399
 20
30.15342528334417
 30
0.0
 40
1.30952380952381
 41
0.0
 46
0.0
 71
     1
 72
     1
  1
\A1;{\pql;\fArial|b0|i0|c0|p0;\W1.000000;opening_d}
  7
ERSTELLTER_STIL_2
 73
     1
 44
1.0
  0
MTEXT
  5
107
330
1F
100
AcDbEntity
  8
vegetation
  6
Continuous
 62
   114
420
    45124
370
    18
100
AcDbMText
 10
192.1882589111518
 20
35.21798330538626
 30
0.0
 40
1.30952380952381
 41
0.0
 46
0.0
 71
     1
 72
     1
  1
\A1;{\pql;\fArial|b0|i0|c0|p0;\W1.000000;vegetation}
  7
ERSTELLTER_STIL_2
 73
     1
 44
1.0
  0
MTEXT
  5
108
330
1F
100
AcDbEntity
  8
not_read_by_script
  6
Continuous
 62
     6
370
    18
100
AcDbMText
 10
192.1882589111518
 20
31.70139986186173
 30
0.0
 40
1.30952380952381
 41
0.0
 46
0.0
 71
     1
 72
     1
  1
\A1;{\pql;\fArial|b0|i0|c0|p0;\W1.000000;not_read_by_script}
  7
ERSTELLTER_STIL_2
 73
     1
 44
1.0
  0
MTEXT
  5
109
330
1F
100
AcDbEntity
  8
snow
  6
Continuous
 62
   141
420
 11070463
370
    18
100
AcDbMText
 10
87.65807343283399
 20
40.11259295441567
 30
0.0
 40
1.30952380952381
 41
0.0
 46
0.0
 71
     1
 72
     1
  1
\A1;{\pql;\fArial|b0|i0|c0|p0;\W1.000000;snow}
  7
ERSTELLTER_STIL_2
 73
     1
 44
1.0
  0
MTEXT
  5
10A
330
1F
100
AcDbEntity
  8
wool_felt
  6
Continuous
 62
   193
420
  9860263
370
    18
100
AcDbMText
 10
87.65807343283399
 20
36.79287039739184
 30
0.0
 40
1.30952380952381
 41
0.0
 46
0.0
 71
     1
 72
     1
  1
\A1;{\pql;\fArial|b0|i0|c0|p0;\W1.000000;wool_felt}
  7
ERSTELLTER_STIL_2
 73
     1
 44
1.0
  0
MTEXT
  5
10B
330
1F
100
AcDbEntity
  8
no_eaves_eave_height
  6
Continuous
 62
    81
420
 11069593
370
    18
100
AcDbMText
 10
166.7535082292945
 20
49.28431859613388
 30
0.0
 40
1.30952380952381
 41
0.0
 46
0.0
 71
     1
 72
     1
  1
\A1;{\pql;\fArial|b0|i0|c0|p0;\W1.000000;no_eaves_eave_height}
  7
ERSTELLTER_STIL_2
 73
     1
 44
1.0
  0
VIEWPORT
  5
5E
330
1B
100
AcDbEntity
 67
     1
  8
0
  6
Continuous
370
     0
100
AcDbViewport
 10
2135.639999999997
 20
1883.061818181816
 30
0.0
 40
16.99503709090909
 41
10.78272
 68
     1
 69
     1
 12
2135.639999999997
 22
1883.061818181816
 13
0.0
 23
0.0
 14
0.5
 24
0.5
 15
0.0
 25
0.0
 16
0.0
 26
0.0
 36
1.0
 17
0.0
 27
0.0
 37
0.0
 42
50.0
 43
0.0
 44
0.0
 45
10.78272
 50
0.0
 51
0.0
 72
   100
 90
   557152
  1

281
     0
 71
     1
 74
     0
110
0.0
120
0.0
130
0.0
111
1.0
121
0.0
131
0.0
112
0.0
122
1.0
132
0.0
 79
     0
146
0.0
170
     0
 61
     5
348
2F
292
     1
282
     1
141
0.0
142
0.0
 63
   256
361
10F
  0
VIEWPORT
  5
10C
330
1B
100
AcDbEntity
 67
     1
  8
NonPlottable_0
  6
Continuous
 62
     7
 48
1000.0
370
    13
100
AcDbViewport
 10
2135.639999999999
 20
1883.061818181816
 30
0.0
 40
14162.53090909091
 41
8985.6
 68
     2
 69
     2
 12
0.0
 22
0.0
 13
0.0
 23
0.0
 14
0.5
 24
0.5
 15
0.0
 25
0.0
 16
0.0
 26
0.0
 36
1.0
 17
53.56399999999982
 27
-41.69381818181836
 37
0.0
 42
50.0
 43
0.0
 44
0.0
 45
898.56
 50
0.0
 51
0.0
 72
   100
 90
   622688
340
10E
  1

281
     0
 71
     1
 74
     0
110
0.0
120
0.0
130
0.0
111
1.0
121
0.0
131
0.0
112
0.0
122
1.0
132
0.0
 79
     0
146
0.0
170
     0
 61
     5
348
2F
292
     1
282
     1
141
0.0
142
0.0
 63
   256
  0
LWPOLYLINE
  5
10E
102
{ACAD_REACTORS
330
10C
102
}
330
1B
100
AcDbEntity
 67
     1
  8
NonPlottable_0
  6
Continuous
 62
     7
 48
1000.0
370
    13
100
AcDbPolyline
 90
        4
 70
   129
 43
0.0
 10
-4945.625454545456
 20
-2609.738181818184
 10
9216.905454545453
 20
-2609.738181818184
 10
9216.905454545453
 20
6375.861818181816
 10
-4945.625454545456
 20
6375.861818181816
  0
ENDSEC
  0
SECTION
  2
OBJECTS
  0
DICTIONARY
  5
C
330
0
100
AcDbDictionary
281
     1
  3
ACAD_DETAILVIEWSTYLE
350
11A
  3
ACAD_GROUP
350
D
  3
ACAD_LAYOUT
350
1A
  3
ACAD_MATERIAL
350
43
  3
ACAD_MLEADERSTYLE
350
5B
  3
ACAD_MLINESTYLE
350
17
  3
ACAD_PLOTSETTINGS
350
19
  3
ACAD_PLOTSTYLENAME
350
E
  3
ACAD_SCALELIST
350
47
  3
ACAD_SECTIONVIEWSTYLE
350
11B
  3
ACAD_TABLESTYLE
350
59
  3
ACAD_VISUALSTYLE
350
2A
  3
AcDbVariableDictionary
350
112
  3
ACDB_RECOMPOSE_DATA
350
116
  3
WATERMARKS
350
110
  0
SUN
  5
5D
330
29
100
AcDbSun
 90
        1
290
     0
 63
     7
421
 16777215
 40
1.0
291
     1
 91
  2455826
 92
 54000000
292
     0
 70
     2
 71
   256
280
     1
  0
SUN
  5
10F
330
5E
100
AcDbSun
 90
        1
290
     0
 63
     7
421
 16777215
 40
1.0
291
     1
 91
  2455826
 92
 54000000
292
     0
 70
     2
 71
   256
280
     1
  0
DICTIONARY
  5
11A
102
{ACAD_REACTORS
330
C
102
}
330
C
100
AcDbDictionary
281
     1
  0
DICTIONARY
  5
D
102
{ACAD_REACTORS
330
C
102
}
330
C
100
AcDbDictionary
281
     1
  0
DICTIONARY
  5
1A
102
{ACAD_REACTORS
330
C
102
}
330
C
100
AcDbDictionary
281
     1
  3
 _template  
350
1E
  3
Model
350
22
  0
DICTIONARY
  5
43
102
{ACAD_REACTORS
330
C
102
}
330
C
100
AcDbDictionary
281
     1
  3
ByBlock
350
45
  3
ByLayer
350
44
  3
Global
350
46
  0
DICTIONARY
  5
5B
102
{ACAD_REACTORS
330
C
102
}
330
C
100
AcDbDictionary
281
     1
  3
Standard
350
5C
  0
DICTIONARY
  5
17
102
{ACAD_REACTORS
330
C
102
}
330
C
100
AcDbDictionary
281
     1
  3
Standard
350
18
  0
DICTIONARY
  5
19
102
{ACAD_REACTORS
330
C
102
}
330
C
100
AcDbDictionary
281
     1
  0
ACDBDICTIONARYWDFLT
  5
E
102
{ACAD_REACTORS
330
C
102
}
330
C
100
AcDbDictionary
281
     1
  3
Normal
350
F
100
AcDbDictionaryWithDefault
340
F
  0
DICTIONARY
  5
47
102
{ACAD_REACTORS
330
C
102
}
330
C
100
AcDbDictionary
281
     1
  3
A0
350
48
  3
A1
350
49
  3
A2
350
4A
  3
A3
350
4B
  3
A4
350
4C
  3
A5
350
4D
  3
A6
350
4E
  3
A7
350
4F
  3
A8
350
50
  3
A9
350
51
  3
B1
350
52
  3
B2
350
53
  3
B3
350
54
  3
B4
350
55
  3
B5
350
56
  3
B6
350
57
  3
B7
350
58
  0
DICTIONARY
  5
11B
102
{ACAD_REACTORS
330
C
102
}
330
C
100
AcDbDictionary
281
     1
  0
DICTIONARY
  5
59
102
{ACAD_REACTORS
330
C
102
}
330
C
100
AcDbDictionary
281
     1
  3
Standard
350
5A
  0
DICTIONARY
  5
2A
102
{ACAD_REACTORS
330
C
102
}
330
C
100
AcDbDictionary
281
     1
  3
2dWireframe
350
2F
  3
Basic
350
32
  3
Brighten
350
36
  3
ColorChange
350
3A
  3
Conceptual
350
34
  3
Dim
350
35
  3
EdgeColorOff
350
3D
  3
Facepattern
350
39
  3
Flat
350
2B
  3
FlatWithEdges
350
2C
  3
Gouraud
350
2D
  3
GouraudWithEdges
350
2E
  3
Hidden
350
31
  3
JitterOff
350
3B
  3
Linepattern
350
38
  3
OverhangOff
350
3C
  3
Realistic
350
33
  3
Shaded
350
42
  3
Shaded with edges
350
41
  3
Shades of Gray
350
3E
  3
Sketchy
350
3F
  3
Thicken
350
37
  3
Wireframe
350
30
  3
X-Ray
350
40
  0
DICTIONARY
  5
112
102
{ACAD_REACTORS
330
C
102
}
330
C
100
AcDbDictionary
281
     1
  3
CANNOSCALE
350
113
  3
CMLEADERSTYLE
350
118
  3
CTABLESTYLE
350
117
  3
XCLIPFRAME
350
119
  0
XRECORD
  5
116
102
{ACAD_REACTORS
330
C
102
}
330
C
100
AcDbXrecord
280
     1
 90
        1
330
5A
  0
DICTIONARY
  5
110
102
{ACAD_REACTORS
330
C
102
}
330
C
100
AcDbDictionary
281
     1
  3
AC_WATERMARK
350
111
  0
LAYOUT
  5
1E
102
{ACAD_REACTORS
330
1A
102
}
330
1A
100
AcDbPlotSettings
  1

  2
none_device
  4

  6

 40
0.0
 41
0.0
 42
0.0
 43
0.0
 44
3900.0
 45
3900.0
 46
0.0
 47
0.0
 48
0.0
 49
0.0
140
0.0
141
0.0
142
1.0
143
1.0
 70
   688
 72
     1
 73
     0
 74
     5
  7

 75
    16
 76
     0
 77
     2
 78
   300
147
1.0
148
0.0
149
0.0
100
AcDbLayout
  1
 _template  
 70
     0
 71
     1
 10
0.0
 20
0.0
 11
12.0
 21
9.0
 12
0.0
 22
0.0
 32
0.0
 14
1.000000000000000E+20
 24
1.000000000000000E+20
 34
1.000000000000000E+20
 15
-1.000000000000000E+20
 25
-1.000000000000000E+20
 35
-1.000000000000000E+20
146
0.0
 13
0.0
 23
0.0
 33
0.0
 16
1.0
 26
0.0
 36
0.0
 17
0.0
 27
1.0
 37
0.0
 76
     0
330
1B
331
5E
  0
LAYOUT
  5
22
102
{ACAD_REACTORS
330
1A
102
}
330
1A
100
AcDbPlotSettings
  1

  2
none_device
  4
Letter_(8.50_x_11.00_Inches)
  6

 40
6.35
 41
6.35
 42
6.35000508
 43
6.35000508
 44
215.9
 45
279.4
 46
0.0
 47
0.0
 48
0.0
 49
0.0
140
0.0
141
0.0
142
1.0
143
1.0
 70
  1712
 72
     0
 73
     0
 74
     0
  7

 75
     0
 76
     0
 77
     2
 78
   300
147
1.0
148
0.0
149
0.0
100
AcDbLayout
  1
Model
 70
     1
 71
     0
 10
0.0
 20
0.0
 11
12.0
 21
9.0
 12
0.0
 22
0.0
 32
0.0
 14
1.000000000000000E+20
 24
1.000000000000000E+20
 34
1.000000000000000E+20
 15
-1.000000000000000E+20
 25
-1.000000000000000E+20
 35
-1.000000000000000E+20
146
0.0
 13
0.0
 23
0.0
 33
0.0
 16
1.0
 26
0.0
 36
0.0
 17
0.0
 27
1.0
 37
0.0
 76
     0
330
1F
331
29
  0
MATERIAL
  5
45
102
{ACAD_REACTORS
330
43
102
}
330
43
100
AcDbMaterial
  1
ByBlock
 72
     1
 94
      127
  0
MATERIAL
  5
44
102
{ACAD_REACTORS
330
43
102
}
330
43
100
AcDbMaterial
  1
ByLayer
 72
     1
 94
      127
  0
MATERIAL
  5
46
102
{ACAD_REACTORS
330
43
102
}
330
43
100
AcDbMaterial
  1
Global
 72
     1
 94
      127
  0
MLEADERSTYLE
  5
5C
102
{ACAD_REACTORS
330
5B
102
}
330
5B
100
AcDbMLeaderStyle
179
     2
170
     2
171
     1
172
     0
 90
        2
 40
0.0
 41
0.0
173
     1
 91
-1056964608
340
14
 92
       -2
290
     1
 42
0.09
291
     1
 43
0.36
  3
Standard
341
0
 44
0.18
300

342
11
174
     1
178
     6
175
     1
176
     0
 93
-1056964608
 45
0.18
292
     0
297
     0
 46
0.18
343
0
 94
-1056964608
 47
1.0
 49
1.0
140
1.0
293
     1
141
0.0
294
     1
177
     0
142
1.0
295
     0
296
     0
143
0.125
271
     0
272
     9
273
     9
298
     0
  0
MLINESTYLE
  5
18
102
{ACAD_REACTORS
330
17
102
}
330
17
100
AcDbMlineStyle
  2
Standard
 70
     0
  3

 62
   256
 51
90.0
 52
90.0
 71
     2
 49
0.5
 62
   256
  6
BYLAYER
 49
-0.5
 62
   256
  6
BYLAYER
  0
ACDBPLACEHOLDER
  5
F
102
{ACAD_REACTORS
330
E
102
}
330
E
  0
SCALE
  5
48
102
{ACAD_REACTORS
330
47
102
}
330
47
100
AcDbScale
 70
     0
300
1:1
140
1.0
141
1.0
290
     1
  0
SCALE
  5
49
102
{ACAD_REACTORS
330
47
102
}
330
47
100
AcDbScale
 70
     0
300
1/128" = 1'-0"
140
0.0078125
141
12.0
290
     0
  0
SCALE
  5
4A
102
{ACAD_REACTORS
330
47
102
}
330
47
100
AcDbScale
 70
     0
300
1/64" = 1'-0"
140
0.015625
141
12.0
290
     0
  0
SCALE
  5
4B
102
{ACAD_REACTORS
330
47
102
}
330
47
100
AcDbScale
 70
     0
300
1/32" = 1'-0"
140
0.03125
141
12.0
290
     0
  0
SCALE
  5
4C
102
{ACAD_REACTORS
330
47
102
}
330
47
100
AcDbScale
 70
     0
300
1/16" = 1'-0"
140
0.0625
141
12.0
290
     0
  0
SCALE
  5
4D
102
{ACAD_REACTORS
330
47
102
}
330
47
100
AcDbScale
 70
     0
300
3/32" = 1'-0"
140
0.09375
141
12.0
290
     0
  0
SCALE
  5
4E
102
{ACAD_REACTORS
330
47
102
}
330
47
100
AcDbScale
 70
     0
300
1/8" = 1'-0"
140
0.125
141
12.0
290
     0
  0
SCALE
  5
4F
102
{ACAD_REACTORS
330
47
102
}
330
47
100
AcDbScale
 70
     0
300
3/16" = 1'-0"
140
0.1875
141
12.0
290
     0
  0
SCALE
  5
50
102
{ACAD_REACTORS
330
47
102
}
330
47
100
AcDbScale
 70
     0
300
1/4" = 1'-0"
140
0.25
141
12.0
290
     0
  0
SCALE
  5
51
102
{ACAD_REACTORS
330
47
102
}
330
47
100
AcDbScale
 70
     0
300
3/8" = 1'-0"
140
0.375
141
12.0
290
     0
  0
SCALE
  5
52
102
{ACAD_REACTORS
330
47
102
}
330
47
100
AcDbScale
 70
     0
300
1/2" = 1'-0"
140
0.5
141
12.0
290
     0
  0
SCALE
  5
53
102
{ACAD_REACTORS
330
47
102
}
330
47
100
AcDbScale
 70
     0
300
3/4" = 1'-0"
140
0.75
141
12.0
290
     0
  0
SCALE
  5
54
102
{ACAD_REACTORS
330
47
102
}
330
47
100
AcDbScale
 70
     0
300
1" = 1'-0"
140
1.0
141
12.0
290
     0
  0
SCALE
  5
55
102
{ACAD_REACTORS
330
47
102
}
330
47
100
AcDbScale
 70
     0
300
1-1/2" = 1'-0"
140
1.5
141
12.0
290
     0
  0
SCALE
  5
56
102
{ACAD_REACTORS
330
47
102
}
330
47
100
AcDbScale
 70
     0
300
3" = 1'-0"
140
3.0
141
12.0
290
     0
  0
SCALE
  5
57
102
{ACAD_REACTORS
330
47
102
}
330
47
100
AcDbScale
 70
     0
300
6" = 1'-0"
140
6.0
141
12.0
290
     0
  0
SCALE
  5
58
102
{ACAD_REACTORS
330
47
102
}
330
47
100
AcDbScale
 70
     0
300
1'-0" = 1'-0"
140
12.0
141
12.0
290
     0
  0
TABLESTYLE
  5
5A
102
{ACAD_REACTORS
330
59
102
}
102
{ACAD_XDICTIONARY
360
114
102
}
330
59
100
AcDbTableStyle
  3
Standard
 70
     0
 71
     0
 40
0.06
 41
0.06
280
     0
281
     0
  7
Standard
140
0.18
170
     2
 62
     0
 63
   257
283
     0
 90
        4
 91
        0
  1

274
    -2
284
     1
 64
     0
275
    -2
285
     1
 65
     0
276
    -2
286
     1
 66
     0
277
    -2
287
     1
 67
     0
278
    -2
288
     1
 68
     0
279
    -2
289
     1
 69
     0
  7
Standard
140
0.25
170
     5
 62
     0
 63
   257
283
     0
 90
        4
 91
        0
  1

274
    -2
284
     1
 64
     0
275
    -2
285
     1
 65
     0
276
    -2
286
     1
 66
     0
277
    -2
287
     1
 67
     0
278
    -2
288
     1
 68
     0
279
    -2
289
     1
 69
     0
  7
Standard
140
0.18
170
     5
 62
     0
 63
   257
283
     0
 90
        4
 91
        0
  1

274
    -2
284
     1
 64
     0
275
    -2
285
     1
 65
     0
276
    -2
286
     1
 66
     0
277
    -2
287
     1
 67
     0
278
    -2
288
     1
 68
     0
279
    -2
289
     1
 69
     0
  0
VISUALSTYLE
  5
2F
102
{ACAD_REACTORS
330
2A
102
}
330
2A
100
AcDbVisualStyle
  2
2dWireframe
 70
     4
177
     3
291
     0
 70
    58
 90
        0
176
     1
 90
        2
176
     1
 90
        0
176
     1
 90
        0
176
     1
 40
0.6
176
     1
 40
30.0
176
     1
 62
     7
420
 16777215
176
     1
 90
        1
176
     1
 90
        4
176
     1
 62
     7
176
     1
 62
   257
176
     1
 90
        1
176
     1
 90
        1
176
     1
 40
1.0
176
     1
 90
        0
176
     1
 62
   257
176
     1
 40
1.0
176
     1
 90
        1
176
     1
 90
        6
176
     1
 90
        2
176
     1
 62
     7
176
     1
 90
        5
176
     1
 90
        0
176
     1
 90
        0
176
     1
290
     0
176
     1
 90
        1
176
     1
 40
0.0
176
     1
 90
        0
176
     1
290
     1
176
     1
290
     1
176
     1
290
     0
176
     1
290
     0
176
     1
290
     0
176
     1
290
     0
176
     1
290
     0
176
     1
290
     0
176
     1
290
     0
176
     1
 90
       50
176
     1
 40
0.0
176
     1
 40
1.0
176
     1
 90
        0
176
     1
 62
    18
420
        0
176
     1
 90
       50
176
     1
 90
        3
176
     1
 62
     5
420
      255
176
     1
290
     0
176
     1
 90
       50
176
     1
 90
       50
176
     1
 90
       50
176
     1
290
     0
176
     1
 90
       50
176
     1
 62
   256
176
     0
 40
1.0
176
     0
 90
        2
176
     1
  1
strokes_ogs.tif
176
     1
290
     0
176
     1
 40
1.0
176
     1
 40
1.0
176
     1
  0
VISUALSTYLE
  5
32
102
{ACAD_REACTORS
330
2A
102
}
330
2A
100
AcDbVisualStyle
  2
Basic
 70
     7
177
     3
291
     1
 70
    58
 90
        1
176
     1
 90
        0
176
     1
 90
        1
176
     1
 90
        0
176
     1
 40
0.6
176
     1
 40
30.0
176
     1
 62
     7
420
 16777215
176
     1
 90
        0
176
     1
 90
        4
176
     1
 62
     7
176
     1
 62
   257
176
     1
 90
        1
176
     1
 90
        1
176
     1
 40
1.0
176
     1
 90
        8
176
     1
 62
     7
176
     1
 40
1.0
176
     1
 90
        1
176
     1
 90
        6
176
     1
 90
        2
176
     1
 62
     7
176
     1
 90
        5
176
     1
 90
        0
176
     1
 90
        0
176
     1
290
     0
176
     1
 90
        1
176
     1
 40
0.0
176
     1
 90
        0
176
     1
290
     0
176
     1
290
     1
176
     1
290
     1
176
     1
290
     0
176
     1
290
     0
176
     1
290
     0
176
     1
290
     0
176
     1
290
     0
176
     1
290
     0
176
     1
 90
       50
176
     1
 40
0.0
176
     1
 40
1.0
176
     1
 90
        0
176
     1
 62
    18
420
        0
176
     1
 90
       50
176
     1
 90
        3
176
     1
 62
     5
420
      255
176
     1
290
     0
176
     1
 90
       50
176
     1
 90
       50
176
     1
 90
       50
176
     1
290
     0
176
     1
 90
       50
176
     1
 62
   256
176
     0
 40
1.0
176
     0
 90
        2
176
     1
  1
strokes_ogs.tif
176
     1
290
     0
176
     1
 40
1.0
176
     1
 40
1.0
176
     1
  0
VISUALSTYLE
  5
36
102
{ACAD_REACTORS
330
2A
102
}
330
2A
100
AcDbVisualStyle
  2
Brighten
 70
    12
177
     3
291
     1
 70
    58
 90
        2
176
     1
 90
        2
176
     1
 90
        0
176
     1
 90
        0
176
     1
 40
0.6
176
     1
 40
30.0
176
     1
 62
     7
420
 16777215
176
     1
 90
        1
176
     1
 90
        4
176
     1
 62
     7
176
     1
 62
   257
176
     1
 90
        1
176
     1
 90
        1
176
     1
 40
1.0
176
     1
 90
        8
176
     1
 62
     7
176
     1
 40
1.0
176
     1
 90
        1
176
     1
 90
        6
176
     1
 90
        2
176
     1
 62
     7
176
     1
 90
        5
176
     1
 90
        0
176
     1
 90
        0
176
     1
290
     0
176
     1
 90
        1
176
     1
 40
50.0
176
     1
 90
        0
176
     1
290
     0
176
     1
290
     1
176
     1
290
     1
176
     1
290
     0
176
     1
290
     0
176
     1
290
     0
176
     1
290
     0
176
     1
290
     0
176
     1
290
     0
176
     1
 90
       50
176
     1
 40
0.0
176
     1
 40
1.0
176
     1
 90
        0
176
     1
 62
    18
420
        0
176
     1
 90
       50
176
     1
 90
        3
176
     1
 62
     5
420
      255
176
     1
290
     0
176
     1
 90
       50
176
     1
 90
       50
176
     1
 90
       50
176
     1
290
     0
176
     1
 90
       50
176
     1
 62
   256
176
     0
 40
1.0
176
     0
 90
        2
176
     1
  1
strokes_ogs.tif
176
     1
290
     0
176
     1
 40
1.0
176
     1
 40
1.0
176
     1
  0
VISUALSTYLE
  5
3A
102
{ACAD_REACTORS
330
2A
102
}
330
2A
100
AcDbVisualStyle
  2
ColorChange
 70
    16
177
     3
291
     1
 70
    58
 90
        2
176
     1
 90
        2
176
     1
 90
        3
176
     1
 90
        0
176
     1
 40
0.6
176
     1
 40
30.0
176
     1
 62
     8
420
  8421504
176
     1
 90
        1
176
     1
 90
        4
176
     1
 62
     7
176
     1
 62
   257
176
     1
 90
        1
176
     1
 90
        1
176
     1
 40
1.0
176
     1
 90
        8
176
     1
 62
     8
420
  8421504
176
     1
 40
1.0
176
     1
 90
        1
176
     1
 90
        6
176
     1
 90
        2
176
     1
 62
     7
176
     1
 90
        5
176
     1
 90
        0
176
     1
 90
        0
176
     1
290
     0
176
     1
 90
        1
176
     1
 40
0.0
176
     1
 90
        0
176
     1
290
     0
176
     1
290
     1
176
     1
290
     1
176
     1
290
     0
176
     1
290
     0
176
     1
290
     0
176
     1
290
     0
176
     1
290
     0
176
     1
290
     0
176
     1
 90
       50
176
     1
 40
0.0
176
     1
 40
1.0
176
     1
 90
        0
176
     1
 62
    18
420
        0
176
     1
 90
       50
176
     1
 90
        3
176
     1
 62
     5
420
      255
176
     1
290
     0
176
     1
 90
       50
176
     1
 90
       50
176
     1
 90
       50
176
     1
290
     0
176
     1
 90
       50
176
     1
 62
   256
176
     0
 40
1.0
176
     0
 90
        2
176
     1
  1
strokes_ogs.tif
176
     1
290
     0
176
     1
 40
1.0
176
     1
 40
1.0
176
     1
  0
VISUALSTYLE
  5
34
102
{ACAD_REACTORS
330
2A
102
}
330
2A
100
AcDbVisualStyle
  2
Conceptual
 70
     9
177
     3
291
     0
 70
    58
 90
        3
176
     1
 90
        2
176
     1
 90
        0
176
     1
 90
        0
176
     1
 40
0.6
176
     1
 40
30.0
176
     1
 62
     7
420
 16777215
176
     1
 90
        2
176
     1
 90
        2
176
     1
 62
     7
176
     1
 62
   257
176
     1
 90
        1
176
     1
 90
        1
176
     1
 40
179.0
176
     1
 90
        8
176
     1
 62
     7
176
     1
 40
1.0
176
     1
 90
        1
176
     1
 90
        6
176
     1
 90
        2
176
     1
 62
     7
176
     1
 90
        3
176
     1
 90
        0
176
     1
 90
        0
176
     1
290
     0
176
     1
 90
        1
176
     1
 40
0.0
176
     1
 90
        0
176
     1
290
     0
176
     1
290
     1
176
     1
290
     1
176
     1
290
     0
176
     1
290
     0
176
     1
290
     0
176
     1
290
     0
176
     1
290
     0
176
     1
290
     0
176
     1
 90
       50
176
     1
 40
0.0
176
     1
 40
1.0
176
     1
 90
        0
176
     1
 62
    18
420
        0
176
     1
 90
       50
176
     1
 90
        3
176
     1
 62
     5
420
      255
176
     1
290
     0
176
     1
 90
       50
176
     1
 90
       50
176
     1
 90
       50
176
     1
290
     0
176
     1
 90
       50
176
     1
 62
   256
176
     0
 40
1.0
176
     0
 90
        2
176
     1
  1
strokes_ogs.tif
176
     1
290
     0
176
     1
 40
1.0
176
     1
 40
1.0
176
     1
  0
VISUALSTYLE
  5
35
102
{ACAD_REACTORS
330
2A
102
}
330
2A
100
AcDbVisualStyle
  2
Dim
 70
    11
177
     3
291
     1
 70
    58
 90
        2
176
     1
 90
        2
176
     1
 90
        0
176
     1
 90
        0
176
     1
 40
0.6
176
     1
 40
30.0
176
     1
 62
     7
420
 16777215
176
     1
 90
        1
176
     1
 90
        4
176
     1
 62
     7
176
     1
 62
   257
176
     1
 90
        1
176
     1
 90
        1
176
     1
 40
1.0
176
     1
 90
        8
176
     1
 62
     7
176
     1
 40
1.0
176
     1
 90
        1
176
     1
 90
        6
176
     1
 90
        2
176
     1
 62
     7
176
     1
 90
        5
176
     1
 90
        0
176
     1
 90
        0
176
     1
290
     0
176
     1
 90
        1
176
     1
 40
-50.0
176
     1
 90
        0
176
     1
290
     0
176
     1
290
     1
176
     1
290
     1
176
     1
290
     0
176
     1
290
     0
176
     1
290
     0
176
     1
290
     0
176
     1
290
     0
176
     1
290
     0
176
     1
 90
       50
176
     1
 40
0.0
176
     1
 40
1.0
176
     1
 90
        0
176
     1
 62
    18
420
        0
176
     1
 90
       50
176
     1
 90
        3
176
     1
 62
     5
420
      255
176
     1
290
     0
176
     1
 90
       50
176
     1
 90
       50
176
     1
 90
       50
176
     1
290
     0
176
     1
 90
       50
176
     1
 62
   256
176
     0
 40
1.0
176
     0
 90
        2
176
     1
  1
strokes_ogs.tif
176
     1
290
     0
176
     1
 40
1.0
176
     1
 40
1.0
176
     1
  0
VISUALSTYLE
  5
3D
102
{ACAD_REACTORS
330
2A
102
}
330
2A
100
AcDbVisualStyle
  2
EdgeColorOff
 70
    22
177
     3
291
     1
 70
    58
 90
        2
176
     0
 90
        2
176
     0
 90
        0
176
     0
 90
        0
176
     0
 40
0.6
176
     0
 40
30.0
176
     0
 62
     7
420
 16777215
176
     0
 90
        1
176
     0
 90
        4
176
     0
 62
     7
176
     0
 62
   257
176
     0
 90
        1
176
     0
 90
        1
176
     0
 40
1.0
176
     0
 90
        8
176
     2
 62
     7
176
     0
 40
1.0
176
     0
 90
        1
176
     0
 90
        6
176
     0
 90
        2
176
     0
 62
     7
176
     0
 90
        5
176
     0
 90
        0
176
     0
 90
        0
176
     0
290
     0
176
     0
 90
        1
176
     0
 40
0.0
176
     0
 90
        0
176
     0
290
     0
176
     0
290
     1
176
     0
290
     1
176
     0
290
     0
176
     0
290
     0
176
     0
290
     0
176
     0
290
     0
176
     0
290
     0
176
     0
290
     0
176
     0
 90
       50
176
     0
 40
0.0
176
     0
 40
1.0
176
     0
 90
        0
176
     0
 62
    18
420
        0
176
     0
 90
       50
176
     0
 90
        3
176
     0
 62
     5
420
      255
176
     0
290
     0
176
     0
 90
       50
176
     0
 90
       50
176
     0
 90
       50
176
     0
290
     0
176
     0
 90
       50
176
     0
 62
   256
176
     0
 40
1.0
176
     0
 90
        2
176
     0
  1
strokes_ogs.tif
176
     0
290
     0
176
     0
 40
1.0
176
     0
 40
1.0
176
     0
  0
VISUALSTYLE
  5
39
102
{ACAD_REACTORS
330
2A
102
}
330
2A
100
AcDbVisualStyle
  2
Facepattern
 70
    15
177
     3
291
     1
 70
    58
 90
        2
176
     1
 90
        2
176
     1
 90
        0
176
     1
 90
        0
176
     1
 40
0.6
176
     1
 40
30.0
176
     1
 62
     7
420
 16777215
176
     1
 90
        1
176
     1
 90
        4
176
     1
 62
     7
176
     1
 62
   257
176
     1
 90
        1
176
     1
 90
        1
176
     1
 40
1.0
176
     1
 90
        8
176
     1
 62
     7
176
     1
 40
1.0
176
     1
 90
        1
176
     1
 90
        6
176
     1
 90
        2
176
     1
 62
     7
176
     1
 90
        5
176
     1
 90
        0
176
     1
 90
        0
176
     1
290
     0
176
     1
 90
        1
176
     1
 40
0.0
176
     1
 90
        0
176
     1
290
     0
176
     1
290
     1
176
     1
290
     1
176
     1
290
     0
176
     1
290
     0
176
     1
290
     0
176
     1
290
     0
176
     1
290
     0
176
     1
290
     0
176
     1
 90
       50
176
     1
 40
0.0
176
     1
 40
1.0
176
     1
 90
        0
176
     1
 62
    18
420
        0
176
     1
 90
       50
176
     1
 90
        3
176
     1
 62
     5
420
      255
176
     1
290
     0
176
     1
 90
       50
176
     1
 90
       50
176
     1
 90
       50
176
     1
290
     0
176
     1
 90
       50
176
     1
 62
   256
176
     0
 40
1.0
176
     0
 90
        2
176
     1
  1
strokes_ogs.tif
176
     1
290
     0
176
     1
 40
1.0
176
     1
 40
1.0
176
     1
  0
VISUALSTYLE
  5
2B
102
{ACAD_REACTORS
330
2A
102
}
330
2A
100
AcDbVisualStyle
  2
Flat
 70
     0
177
     3
291
     1
 70
    58
 90
        2
176
     1
 90
        1
176
     1
 90
        1
176
     1
 90
        2
176
     1
 40
0.6
176
     1
 40
30.0
176
     1
 62
     7
420
 16777215
176
     1
 90
        0
176
     1
 90
        0
176
     1
 62
     7
176
     1
 62
   257
176
     1
 90
        1
176
     1
 90
        1
176
     1
 40
1.0
176
     1
 90
        8
176
     1
 62
     7
176
     1
 40
1.0
176
     1
 90
        1
176
     1
 90
        6
176
     1
 90
        2
176
     1
 62
     7
176
     1
 90
        5
176
     1
 90
        0
176
     1
 90
        0
176
     1
290
     0
176
     1
 90
       13
176
     1
 40
0.0
176
     1
 90
        0
176
     1
290
     0
176
     1
290
     1
176
     1
290
     1
176
     1
290
     0
176
     1
290
     0
176
     1
290
     0
176
     1
290
     0
176
     1
290
     0
176
     1
290
     0
176
     1
 90
       50
176
     1
 40
0.0
176
     1
 40
1.0
176
     1
 90
        0
176
     1
 62
    18
420
        0
176
     1
 90
       50
176
     1
 90
        3
176
     1
 62
     5
420
      255
176
     1
290
     0
176
     1
 90
       50
176
     1
 90
       50
176
     1
 90
       50
176
     1
290
     0
176
     1
 90
       50
176
     1
 62
   256
176
     0
 40
1.0
176
     0
 90
        2
176
     1
  1
strokes_ogs.tif
176
     1
290
     0
176
     1
 40
1.0
176
     1
 40
1.0
176
     1
  0
VISUALSTYLE
  5
2C
102
{ACAD_REACTORS
330
2A
102
}
330
2A
100
AcDbVisualStyle
  2
FlatWithEdges
 70
     1
177
     3
291
     1
 70
    58
 90
        2
176
     1
 90
        1
176
     1
 90
        1
176
     1
 90
        2
176
     1
 40
0.6
176
     1
 40
30.0
176
     1
 62
     7
420
 16777215
176
     1
 90
        1
176
     1
 90
        0
176
     1
 62
     7
176
     1
 62
   257
176
     1
 90
        1
176
     1
 90
        1
176
     1
 40
1.0
176
     1
 90
        0
176
     1
 62
   257
176
     1
 40
1.0
176
     1
 90
        1
176
     1
 90
        6
176
     1
 90
        2
176
     1
 62
     7
176
     1
 90
        5
176
     1
 90
        0
176
     1
 90
        0
176
     1
290
     0
176
     1
 90
       13
176
     1
 40
0.0
176
     1
 90
        0
176
     1
290
     0
176
     1
290
     1
176
     1
290
     1
176
     1
290
     0
176
     1
290
     0
176
     1
290
     0
176
     1
290
     0
176
     1
290
     0
176
     1
290
     0
176
     1
 90
       50
176
     1
 40
0.0
176
     1
 40
1.0
176
     1
 90
        0
176
     1
 62
    18
420
        0
176
     1
 90
       50
176
     1
 90
        3
176
     1
 62
     5
420
      255
176
     1
290
     0
176
     1
 90
       50
176
     1
 90
       50
176
     1
 90
       50
176
     1
290
     0
176
     1
 90
       50
176
     1
 62
   256
176
     0
 40
1.0
176
     0
 90
        2
176
     1
  1
strokes_ogs.tif
176
     1
290
     0
176
     1
 40
1.0
176
     1
 40
1.0
176
     1
  0
VISUALSTYLE
  5
2D
102
{ACAD_REACTORS
330
2A
102
}
330
2A
100
AcDbVisualStyle
  2
Gouraud
 70
     2
177
     3
291
     1
 70
    58
 90
        2
176
     1
 90
        2
176
     1
 90
        1
176
     1
 90
        2
176
     1
 40
0.6
176
     1
 40
30.0
176
     1
 62
     7
420
 16777215
176
     1
 90
        0
176
     1
 90
        0
176
     1
 62
     7
176
     1
 62
   257
176
     1
 90
        1
176
     1
 90
        1
176
     1
 40
1.0
176
     1
 90
        0
176
     1
 62
     7
176
     1
 40
1.0
176
     1
 90
        1
176
     1
 90
        6
176
     1
 90
        2
176
     1
 62
     7
176
     1
 90
        5
176
     1
 90
        0
176
     1
 90
        0
176
     1
290
     0
176
     1
 90
       13
176
     1
 40
0.0
176
     1
 90
        0
176
     1
290
     0
176
     1
290
     1
176
     1
290
     1
176
     1
290
     0
176
     1
290
     0
176
     1
290
     0
176
     1
290
     0
176
     1
290
     0
176
     1
290
     0
176
     1
 90
       50
176
     1
 40
0.0
176
     1
 40
1.0
176
     1
 90
        0
176
     1
 62
    18
420
        0
176
     1
 90
       50
176
     1
 90
        3
176
     1
 62
     5
420
      255
176
     1
290
     0
176
     1
 90
       50
176
     1
 90
       50
176
     1
 90
       50
176
     1
290
     0
176
     1
 90
       50
176
     1
 62
   256
176
     0
 40
1.0
176
     0
 90
        2
176
     1
  1
strokes_ogs.tif
176
     1
290
     0
176
     1
 40
1.0
176
     1
 40
1.0
176
     1
  0
VISUALSTYLE
  5
2E
102
{ACAD_REACTORS
330
2A
102
}
330
2A
100
AcDbVisualStyle
  2
GouraudWithEdges
 70
     3
177
     3
291
     1
 70
    58
 90
        2
176
     1
 90
        2
176
     1
 90
        1
176
     1
 90
        2
176
     1
 40
0.6
176
     1
 40
30.0
176
     1
 62
     7
420
 16777215
176
     1
 90
        1
176
     1
 90
        0
176
     1
 62
     7
176
     1
 62
   257
176
     1
 90
        1
176
     1
 90
        1
176
     1
 40
1.0
176
     1
 90
        0
176
     1
 62
   257
176
     1
 40
1.0
176
     1
 90
        1
176
     1
 90
        6
176
     1
 90
        2
176
     1
 62
     7
176
     1
 90
        5
176
     1
 90
        0
176
     1
 90
        0
176
     1
290
     0
176
     1
 90
       13
176
     1
 40
0.0
176
     1
 90
        0
176
     1
290
     0
176
     1
290
     1
176
     1
290
     1
176
     1
290
     0
176
     1
290
     0
176
     1
290
     0
176
     1
290
     0
176
     1
290
     0
176
     1
290
     0
176
     1
 90
       50
176
     1
 40
0.0
176
     1
 40
1.0
176
     1
 90
        0
176
     1
 62
    18
420
        0
176
     1
 90
       50
176
     1
 90
        3
176
     1
 62
     5
420
      255
176
     1
290
     0
176
     1
 90
       50
176
     1
 90
       50
176
     1
 90
       50
176
     1
290
     0
176
     1
 90
       50
176
     1
 62
   256
176
     0
 40
1.0
176
     0
 90
        2
176
     1
  1
strokes_ogs.tif
176
     1
290
     0
176
     1
 40
1.0
176
     1
 40
1.0
176
     1
  0
VISUALSTYLE
  5
31
102
{ACAD_REACTORS
330
2A
102
}
330
2A
100
AcDbVisualStyle
  2
Hidden
 70
     6
177
     3
291
     0
 70
    58
 90
        1
176
     1
 90
        2
176
     1
 90
        2
176
     1
 90
        0
176
     1
 40
0.6
176
     1
 40
30.0
176
     1
 62
     7
420
 16777215
176
     1
 90
        2
176
     1
 90
        2
176
     1
 62
     7
176
     1
 62
   257
176
     1
 90
        2
176
     1
 90
        1
176
     1
 40
40.0
176
     1
 90
        0
176
     1
 62
   257
176
     1
 40
1.0
176
     1
 90
        1
176
     1
 90
        6
176
     1
 90
        2
176
     1
 62
     7
176
     1
 90
        3
176
     1
 90
        0
176
     1
 90
        0
176
     1
290
     0
176
     1
 90
        1
176
     1
 40
0.0
176
     1
 90
        0
176
     1
290
     0
176
     1
290
     1
176
     1
290
     1
176
     1
290
     0
176
     1
290
     0
176
     1
290
     0
176
     1
290
     0
176
     1
290
     0
176
     1
290
     0
176
     1
 90
       50
176
     1
 40
0.0
176
     1
 40
1.0
176
     1
 90
        0
176
     1
 62
    18
420
        0
176
     1
 90
       50
176
     1
 90
        3
176
     1
 62
     5
420
      255
176
     1
290
     0
176
     1
 90
       50
176
     1
 90
       50
176
     1
 90
       50
176
     1
290
     0
176
     1
 90
       50
176
     1
 62
   256
176
     0
 40
1.0
176
     0
 90
        2
176
     1
  1
strokes_ogs.tif
176
     1
290
     0
176
     1
 40
1.0
176
     1
 40
1.0
176
     1
  0
VISUALSTYLE
  5
3B
102
{ACAD_REACTORS
330
2A
102
}
330
2A
100
AcDbVisualStyle
  2
JitterOff
 70
    20
177
     3
291
     1
 70
    58
 90
        2
176
     0
 90
        2
176
     0
 90
        0
176
     0
 90
        0
176
     0
 40
0.6
176
     0
 40
30.0
176
     0
 62
     7
420
 16777215
176
     0
 90
        1
176
     0
 90
        4
176
     0
 62
     7
176
     0
 62
   257
176
     0
 90
        1
176
     0
 90
        1
176
     0
 40
1.0
176
     0
 90
       10
176
     2
 62
     7
176
     0
 40
1.0
176
     0
 90
        1
176
     0
 90
        6
176
     0
 90
        2
176
     0
 62
     7
176
     0
 90
        5
176
     0
 90
        0
176
     0
 90
        0
176
     0
290
     0
176
     0
 90
        1
176
     0
 40
0.0
176
     0
 90
        0
176
     0
290
     0
176
     0
290
     1
176
     0
290
     1
176
     0
290
     0
176
     0
290
     0
176
     0
290
     0
176
     0
290
     0
176
     0
290
     0
176
     0
290
     0
176
     0
 90
       50
176
     0
 40
0.0
176
     0
 40
1.0
176
     0
 90
        0
176
     0
 62
    18
420
        0
176
     0
 90
       50
176
     0
 90
        3
176
     0
 62
     5
420
      255
176
     0
290
     0
176
     0
 90
       50
176
     0
 90
       50
176
     0
 90
       50
176
     0
290
     0
176
     0
 90
       50
176
     0
 62
   256
176
     0
 40
1.0
176
     0
 90
        2
176
     0
  1
strokes_ogs.tif
176
     0
290
     0
176
     0
 40
1.0
176
     0
 40
1.0
176
     0
  0
VISUALSTYLE
  5
38
102
{ACAD_REACTORS
330
2A
102
}
330
2A
100
AcDbVisualStyle
  2
Linepattern
 70
    14
177
     3
291
     1
 70
    58
 90
        2
176
     1
 90
        2
176
     1
 90
        0
176
     1
 90
        0
176
     1
 40
0.6
176
     1
 40
30.0
176
     1
 62
     7
420
 16777215
176
     1
 90
        1
176
     1
 90
        4
176
     1
 62
     7
176
     1
 62
   257
176
     1
 90
        7
176
     1
 90
        7
176
     1
 40
1.0
176
     1
 90
        8
176
     1
 62
     7
176
     1
 40
1.0
176
     1
 90
        1
176
     1
 90
        6
176
     1
 90
        2
176
     1
 62
     7
176
     1
 90
        5
176
     1
 90
        0
176
     1
 90
        0
176
     1
290
     0
176
     1
 90
        1
176
     1
 40
0.0
176
     1
 90
        0
176
     1
290
     0
176
     1
290
     1
176
     1
290
     1
176
     1
290
     0
176
     1
290
     0
176
     1
290
     0
176
     1
290
     0
176
     1
290
     0
176
     1
290
     0
176
     1
 90
       50
176
     1
 40
0.0
176
     1
 40
1.0
176
     1
 90
        0
176
     1
 62
    18
420
        0
176
     1
 90
       50
176
     1
 90
        3
176
     1
 62
     5
420
      255
176
     1
290
     0
176
     1
 90
       50
176
     1
 90
       50
176
     1
 90
       50
176
     1
290
     0
176
     1
 90
       50
176
     1
 62
   256
176
     0
 40
1.0
176
     0
 90
        2
176
     1
  1
strokes_ogs.tif
176
     1
290
     0
176
     1
 40
1.0
176
     1
 40
1.0
176
     1
  0
VISUALSTYLE
  5
3C
102
{ACAD_REACTORS
330
2A
102
}
330
2A
100
AcDbVisualStyle
  2
OverhangOff
 70
    21
177
     3
291
     1
 70
    58
 90
        2
176
     0
 90
        2
176
     0
 90
        0
176
     0
 90
        0
176
     0
 40
0.6
176
     0
 40
30.0
176
     0
 62
     7
420
 16777215
176
     0
 90
        1
176
     0
 90
        4
176
     0
 62
     7
176
     0
 62
   257
176
     0
 90
        1
176
     0
 90
        1
176
     0
 40
1.0
176
     0
 90
        9
176
     2
 62
     7
176
     0
 40
1.0
176
     0
 90
        1
176
     0
 90
        6
176
     0
 90
        2
176
     0
 62
     7
176
     0
 90
        5
176
     0
 90
        0
176
     0
 90
        0
176
     0
290
     0
176
     0
 90
        1
176
     0
 40
0.0
176
     0
 90
        0
176
     0
290
     0
176
     0
290
     1
176
     0
290
     1
176
     0
290
     0
176
     0
290
     0
176
     0
290
     0
176
     0
290
     0
176
     0
290
     0
176
     0
290
     0
176
     0
 90
       50
176
     0
 40
0.0
176
     0
 40
1.0
176
     0
 90
        0
176
     0
 62
    18
420
        0
176
     0
 90
       50
176
     0
 90
        3
176
     0
 62
     5
420
      255
176
     0
290
     0
176
     0
 90
       50
176
     0
 90
       50
176
     0
 90
       50
176
     0
290
     0
176
     0
 90
       50
176
     0
 62
   256
176
     0
 40
1.0
176
     0
 90
        2
176
     0
  1
strokes_ogs.tif
176
     0
290
     0
176
     0
 40
1.0
176
     0
 40
1.0
176
     0
  0
VISUALSTYLE
  5
33
102
{ACAD_REACTORS
330
2A
102
}
330
2A
100
AcDbVisualStyle
  2
Realistic
 70
     8
177
     3
291
     0
 70
    58
 90
        2
176
     1
 90
        3
176
     1
 90
        0
176
     1
 90
        2
176
     1
 40
0.6
176
     1
 40
30.0
176
     1
 62
     7
420
 16777215
176
     1
 90
        0
176
     1
 90
        0
176
     1
 62
     7
176
     1
 62
   257
176
     1
 90
        1
176
     1
 90
        1
176
     1
 40
1.0
176
     1
 90
        8
176
     1
 62
   257
176
     1
 40
1.0
176
     1
 90
        1
176
     1
 90
        6
176
     1
 90
        2
176
     1
 62
     7
176
     1
 90
        3
176
     1
 90
        0
176
     1
 90
        0
176
     1
290
     0
176
     1
 90
       13
176
     1
 40
0.0
176
     1
 90
        0
176
     1
290
     0
176
     1
290
     1
176
     1
290
     1
176
     1
290
     0
176
     1
290
     0
176
     1
290
     0
176
     1
290
     0
176
     1
290
     0
176
     1
290
     0
176
     1
 90
       50
176
     1
 40
0.0
176
     1
 40
1.0
176
     1
 90
        0
176
     1
 62
    18
420
        0
176
     1
 90
       50
176
     1
 90
        3
176
     1
 62
     5
420
      255
176
     1
290
     0
176
     1
 90
       50
176
     1
 90
       50
176
     1
 90
       50
176
     1
290
     0
176
     1
 90
       50
176
     1
 62
   256
176
     0
 40
1.0
176
     0
 90
        2
176
     1
  1
strokes_ogs.tif
176
     1
290
     0
176
     1
 40
1.0
176
     1
 40
1.0
176
     1
  0
VISUALSTYLE
  5
42
102
{ACAD_REACTORS
330
2A
102
}
330
2A
100
AcDbVisualStyle
  2
Shaded
 70
    27
177
     3
291
     0
 70
    58
 90
        2
176
     1
 90
        2
176
     1
 90
        1
176
     1
 90
        2
176
     1
 40
0.6
176
     1
 40
30.0
176
     1
 62
     7
420
 16777215
176
     1
 90
        0
176
     1
 90
        4
176
     1
 62
     7
176
     1
 62
   257
176
     1
 90
        1
176
     1
 90
        1
176
     1
 40
1.0
176
     1
 90
        8
176
     1
 62
   257
176
     1
 40
1.0
176
     1
 90
        1
176
     1
 90
        6
176
     1
 90
        2
176
     1
 62
     8
420
  7895160
176
     1
 90
        3
176
     1
 90
        0
176
     1
 90
        0
176
     1
290
     0
176
     1
 90
        5
176
     1
 40
0.0
176
     1
 90
        0
176
     1
290
     0
176
     1
290
     1
176
     1
290
     1
176
     1
290
     0
176
     1
290
     0
176
     1
290
     0
176
     1
290
     0
176
     1
290
     0
176
     1
290
     0
176
     1
 90
       50
176
     1
 40
0.0
176
     1
 40
1.0
176
     1
 90
        0
176
     1
 62
    18
420
        0
176
     1
 90
       50
176
     1
 90
        3
176
     1
 62
     5
420
      255
176
     1
290
     0
176
     1
 90
       50
176
     1
 90
       50
176
     1
 90
       50
176
     1
290
     0
176
     1
 90
       50
176
     1
 62
   256
176
     0
 40
1.0
176
     0
 90
        2
176
     1
  1
strokes_ogs.tif
176
     1
290
     0
176
     1
 40
1.0
176
     1
 40
1.0
176
     1
  0
VISUALSTYLE
  5
41
102
{ACAD_REACTORS
330
2A
102
}
330
2A
100
AcDbVisualStyle
  2
Shaded with edges
 70
    26
177
     3
291
     0
 70
    58
 90
        2
176
     1
 90
        2
176
     1
 90
        1
176
     1
 90
        2
176
     1
 40
0.6
176
     1
 40
30.0
176
     1
 62
     7
420
 16777215
176
     1
 90
        1
176
     1
 90
       10
176
     1
 62
     7
176
     1
 62
   257
176
     1
 90
        2
176
     1
 90
        1
176
     1
 40
1.0
176
     1
 90
        8
176
     1
 62
   257
176
     1
 40
1.0
176
     1
 90
        1
176
     1
 90
        6
176
     1
 90
        2
176
     1
 62
     7
176
     1
 90
        3
176
     1
 90
        0
176
     1
 90
        0
176
     1
290
     0
176
     1
 90
        5
176
     1
 40
0.0
176
     1
 90
        0
176
     1
290
     0
176
     1
290
     1
176
     1
290
     1
176
     1
290
     0
176
     1
290
     0
176
     1
290
     0
176
     1
290
     0
176
     1
290
     0
176
     1
290
     0
176
     1
 90
       50
176
     1
 40
0.0
176
     1
 40
1.0
176
     1
 90
        0
176
     1
 62
    18
420
        0
176
     1
 90
       50
176
     1
 90
        3
176
     1
 62
     5
420
      255
176
     1
290
     0
176
     1
 90
       50
176
     1
 90
       50
176
     1
 90
       50
176
     1
290
     0
176
     1
 90
       50
176
     1
 62
   256
176
     0
 40
1.0
176
     0
 90
        2
176
     1
  1
strokes_ogs.tif
176
     1
290
     0
176
     1
 40
1.0
176
     1
 40
1.0
176
     1
  0
VISUALSTYLE
  5
3E
102
{ACAD_REACTORS
330
2A
102
}
330
2A
100
AcDbVisualStyle
  2
Shades of Gray
 70
    23
177
     3
291
     0
 70
    58
 90
        2
176
     1
 90
        2
176
     1
 90
        3
176
     1
 90
        0
176
     1
 40
0.6
176
     1
 40
30.0
176
     1
 62
     7
420
 16777215
176
     1
 90
        2
176
     1
 90
        2
176
     1
 62
     7
176
     1
 62
     7
176
     1
 90
        1
176
     1
 90
        1
176
     1
 40
40.0
176
     1
 90
        8
176
     1
 62
     7
176
     1
 40
1.0
176
     1
 90
        1
176
     1
 90
        6
176
     1
 90
        2
176
     1
 62
     7
176
     1
 90
        3
176
     1
 90
        0
176
     1
 90
        0
176
     1
290
     0
176
     1
 90
        1
176
     1
 40
0.0
176
     1
 90
        0
176
     1
290
     0
176
     1
290
     1
176
     1
290
     1
176
     1
290
     0
176
     1
290
     0
176
     1
290
     0
176
     1
290
     0
176
     1
290
     0
176
     1
290
     0
176
     1
 90
       50
176
     1
 40
0.0
176
     1
 40
1.0
176
     1
 90
        0
176
     1
 62
    18
420
        0
176
     1
 90
       50
176
     1
 90
        3
176
     1
 62
     5
420
      255
176
     1
290
     0
176
     1
 90
       50
176
     1
 90
       50
176
     1
 90
       50
176
     1
290
     0
176
     1
 90
       50
176
     1
 62
   256
176
     0
 40
1.0
176
     0
 90
        2
176
     1
  1
strokes_ogs.tif
176
     1
290
     0
176
     1
 40
1.0
176
     1
 40
1.0
176
     1
  0
VISUALSTYLE
  5
3F
102
{ACAD_REACTORS
330
2A
102
}
330
2A
100
AcDbVisualStyle
  2
Sketchy
 70
    24
177
     3
291
     0
 70
    58
 90
        1
176
     1
 90
        2
176
     1
 90
        2
176
     1
 90
        0
176
     1
 40
0.6
176
     1
 40
30.0
176
     1
 62
     7
420
 16777215
176
     1
 90
        2
176
     1
 90
        2
176
     1
 62
     7
176
     1
 62
     7
176
     1
 90
        1
176
     1
 90
        1
176
     1
 40
40.0
176
     1
 90
       11
176
     1
 62
     7
176
     1
 40
1.0
176
     1
 90
        1
176
     1
 90
        6
176
     1
 90
        2
176
     1
 62
     7
176
     1
 90
        6
176
     1
 90
        0
176
     1
 90
        0
176
     1
290
     0
176
     1
 90
        1
176
     1
 40
0.0
176
     1
 90
        0
176
     1
290
     0
176
     1
290
     1
176
     1
290
     1
176
     1
290
     0
176
     1
290
     0
176
     1
290
     0
176
     1
290
     0
176
     1
290
     0
176
     1
290
     0
176
     1
 90
       50
176
     1
 40
0.0
176
     1
 40
1.0
176
     1
 90
        0
176
     1
 62
    18
420
        0
176
     1
 90
       50
176
     1
 90
        3
176
     1
 62
     5
420
      255
176
     1
290
     0
176
     1
 90
       50
176
     1
 90
       50
176
     1
 90
       50
176
     1
290
     0
176
     1
 90
       50
176
     1
 62
   256
176
     0
 40
1.0
176
     0
 90
        2
176
     1
  1
strokes_ogs.tif
176
     1
290
     0
176
     1
 40
1.0
176
     1
 40
1.0
176
     1
  0
VISUALSTYLE
  5
37
102
{ACAD_REACTORS
330
2A
102
}
330
2A
100
AcDbVisualStyle
  2
Thicken
 70
    13
177
     3
291
     1
 70
    58
 90
        2
176
     1
 90
        2
176
     1
 90
        0
176
     1
 90
        0
176
     1
 40
0.6
176
     1
 40
30.0
176
     1
 62
     7
420
 16777215
176
     1
 90
        1
176
     1
 90
        4
176
     1
 62
     7
176
     1
 62
   257
176
     1
 90
        1
176
     1
 90
        1
176
     1
 40
1.0
176
     1
 90
       12
176
     1
 62
     7
176
     1
 40
1.0
176
     1
 90
        1
176
     1
 90
        6
176
     1
 90
        2
176
     1
 62
     7
176
     1
 90
        5
176
     1
 90
        0
176
     1
 90
        0
176
     1
290
     0
176
     1
 90
        1
176
     1
 40
0.0
176
     1
 90
        0
176
     1
290
     0
176
     1
290
     1
176
     1
290
     1
176
     1
290
     0
176
     1
290
     0
176
     1
290
     0
176
     1
290
     0
176
     1
290
     0
176
     1
290
     0
176
     1
 90
       50
176
     1
 40
0.0
176
     1
 40
1.0
176
     1
 90
        0
176
     1
 62
    18
420
        0
176
     1
 90
       50
176
     1
 90
        3
176
     1
 62
     5
420
      255
176
     1
290
     0
176
     1
 90
       50
176
     1
 90
       50
176
     1
 90
       50
176
     1
290
     0
176
     1
 90
       50
176
     1
 62
   256
176
     0
 40
1.0
176
     0
 90
        2
176
     1
  1
strokes_ogs.tif
176
     1
290
     0
176
     1
 40
1.0
176
     1
 40
1.0
176
     1
  0
VISUALSTYLE
  5
30
102
{ACAD_REACTORS
330
2A
102
}
330
2A
100
AcDbVisualStyle
  2
Wireframe
 70
     5
177
     3
291
     0
 70
    58
 90
        0
176
     1
 90
        2
176
     1
 90
        0
176
     1
 90
        0
176
     1
 40
0.6
176
     1
 40
30.0
176
     1
 62
     7
420
 16777215
176
     1
 90
        1
176
     1
 90
        4
176
     1
 62
     7
176
     1
 62
   257
176
     1
 90
        1
176
     1
 90
        1
176
     1
 40
1.0
176
     1
 90
        0
176
     1
 62
   257
176
     1
 40
1.0
176
     1
 90
        1
176
     1
 90
        6
176
     1
 90
        2
176
     1
 62
     7
176
     1
 90
        3
176
     1
 90
        0
176
     1
 90
        0
176
     1
290
     0
176
     1
 90
        1
176
     1
 40
0.0
176
     1
 90
        0
176
     1
290
     0
176
     1
290
     1
176
     1
290
     1
176
     1
290
     0
176
     1
290
     0
176
     1
290
     0
176
     1
290
     0
176
     1
290
     0
176
     1
290
     0
176
     1
 90
       50
176
     1
 40
0.0
176
     1
 40
1.0
176
     1
 90
        0
176
     1
 62
    18
420
        0
176
     1
 90
       50
176
     1
 90
        3
176
     1
 62
     5
420
      255
176
     1
290
     0
176
     1
 90
       50
176
     1
 90
       50
176
     1
 90
       50
176
     1
290
     0
176
     1
 90
       50
176
     1
 62
   256
176
     0
 40
1.0
176
     0
 90
        2
176
     1
  1
strokes_ogs.tif
176
     1
290
     0
176
     1
 40
1.0
176
     1
 40
1.0
176
     1
  0
VISUALSTYLE
  5
40
102
{ACAD_REACTORS
330
2A
102
}
330
2A
100
AcDbVisualStyle
  2
X-Ray
 70
    25
177
     3
291
     0
 70
    58
 90
        2
176
     1
 90
        2
176
     1
 90
        1
176
     1
 90
        1
176
     1
 40
0.5
176
     1
 40
30.0
176
     1
 62
     7
420
 16777215
176
     1
 90
        1
176
     1
 90
        0
176
     1
 62
     7
176
     1
 62
   257
176
     1
 90
        1
176
     1
 90
        1
176
     1
 40
1.0
176
     1
 90
        8
176
     1
 62
     7
176
     1
 40
1.0
176
     1
 90
        1
176
     1
 90
        6
176
     1
 90
        2
176
     1
 62
     7
176
     1
 90
        3
176
     1
 90
        0
176
     1
 90
        0
176
     1
290
     0
176
     1
 90
       13
176
     1
 40
0.0
176
     1
 90
        0
176
     1
290
     0
176
     1
290
     1
176
     1
290
     1
176
     1
290
     0
176
     1
290
     0
176
     1
290
     0
176
     1
290
     0
176
     1
290
     0
176
     1
290
     0
176
     1
 90
       50
176
     1
 40
0.0
176
     1
 40
1.0
176
     1
 90
        0
176
     1
 62
    18
420
        0
176
     1
 90
       50
176
     1
 90
        3
176
     1
 62
     5
420
      255
176
     1
290
     0
176
     1
 90
       50
176
     1
 90
       50
176
     1
 90
       50
176
     1
290
     0
176
     1
 90
       50
176
     1
 62
   256
176
     0
 40
1.0
176
     0
 90
        2
176
     1
  1
strokes_ogs.tif
176
     1
290
     0
176
     1
 40
1.0
176
     1
 40
1.0
176
     1
  0
DICTIONARYVAR
  5
113
102
{ACAD_REACTORS
330
112
102
}
330
112
100
DictionaryVariables
280
     0
  1
1:1
  0
DICTIONARYVAR
  5
118
102
{ACAD_REACTORS
330
112
102
}
330
112
100
DictionaryVariables
280
     0
  1
Standard
  0
DICTIONARYVAR
  5
117
102
{ACAD_REACTORS
330
112
102
}
330
112
100
DictionaryVariables
280
     0
  1
Standard
  0
DICTIONARYVAR
  5
119
102
{ACAD_REACTORS
330
112
102
}
330
112
100
DictionaryVariables
280
     0
  1
0
  0
XRECORD
  5
111
102
{ACAD_REACTORS
330
110
102
}
330
110
100
AcDbXrecord
280
     1
1000
Diese DWG-Datei wurde mit Archicad(TM)® erstellt
  0
DICTIONARY
  5
114
330
5A
100
AcDbDictionary
280
     1
281
     1
  3
ACAD_ROUNDTRIP_2008_TABLESTYLE_CELLSTYLEMAP
360
115
  0
CELLSTYLEMAP
  5
115
102
{ACAD_REACTORS
330
114
102
}
330
114
100
AcDbCellStyleMap
 90
        3
300
CELLSTYLE
  1
TABLEFORMAT_BEGIN
 90
        5
170
     1
 91
        0
 92
    32768
 62
   257
 93
        1
300
CONTENTFORMAT
  1
CONTENTFORMAT_BEGIN
 90
        0
 91
        0
 92
        4
 93
        0
300

 40
0.0
140
1.0
 94
        5
 62
     0
340
11
144
0.25
309
CONTENTFORMAT_END
171
     1
301
MARGIN
  1
CELLMARGIN_BEGIN
 40
0.06
 40
0.06
 40
0.06
 40
0.06
 40
0.06
 40
0.06
309
CELLMARGIN_END
 94
        6
 95
        1
302
GRIDFORMAT
  1
GRIDFORMAT_BEGIN
 90
        0
 91
        1
 62
     0
 92
       -2
340
14
 93
        0
 40
0.045
309
GRIDFORMAT_END
 95
        2
302
GRIDFORMAT
  1
GRIDFORMAT_BEGIN
 90
        0
 91
        1
 62
     0
 92
       -2
340
14
 93
        0
 40
0.045
309
GRIDFORMAT_END
 95
        4
302
GRIDFORMAT
  1
GRIDFORMAT_BEGIN
 90
        0
 91
        1
 62
     0
 92
       -2
340
14
 93
        0
 40
0.045
309
GRIDFORMAT_END
 95
        8
302
GRIDFORMAT
  1
GRIDFORMAT_BEGIN
 90
        0
 91
        1
 62
     0
 92
       -2
340
14
 93
        0
 40
0.045
309
GRIDFORMAT_END
 95
       16
302
GRIDFORMAT
  1
GRIDFORMAT_BEGIN
 90
        0
 91
        1
 62
     0
 92
       -2
340
14
 93
        0
 40
0.045
309
GRIDFORMAT_END
 95
       32
302
GRIDFORMAT
  1
GRIDFORMAT_BEGIN
 90
        0
 91
        1
 62
     0
 92
       -2
340
14
 93
        0
 40
0.045
309
GRIDFORMAT_END
309
TABLEFORMAT_END
  1
CELLSTYLE_BEGIN
 90
        1
 91
        1
300
_TITLE
309
CELLSTYLE_END
300
CELLSTYLE
  1
TABLEFORMAT_BEGIN
 90
        5
170
     1
 91
        0
 92
        0
 62
   257
 93
        1
300
CONTENTFORMAT
  1
CONTENTFORMAT_BEGIN
 90
        0
 91
        0
 92
        4
 93
        0
300

 40
0.0
140
1.0
 94
        5
 62
     0
340
11
144
0.18
309
CONTENTFORMAT_END
171
     1
301
MARGIN
  1
CELLMARGIN_BEGIN
 40
0.06
 40
0.06
 40
0.06
 40
0.06
 40
0.06
 40
0.06
309
CELLMARGIN_END
 94
        6
 95
        1
302
GRIDFORMAT
  1
GRIDFORMAT_BEGIN
 90
        0
 91
        1
 62
     0
 92
       -2
340
14
 93
        0
 40
0.045
309
GRIDFORMAT_END
 95
        2
302
GRIDFORMAT
  1
GRIDFORMAT_BEGIN
 90
        0
 91
        1
 62
     0
 92
       -2
340
14
 93
        0
 40
0.045
309
GRIDFORMAT_END
 95
        4
302
GRIDFORMAT
  1
GRIDFORMAT_BEGIN
 90
        0
 91
        1
 62
     0
 92
       -2
340
14
 93
        0
 40
0.045
309
GRIDFORMAT_END
 95
        8
302
GRIDFORMAT
  1
GRIDFORMAT_BEGIN
 90
        0
 91
        1
 62
     0
 92
       -2
340
14
 93
        0
 40
0.045
309
GRIDFORMAT_END
 95
       16
302
GRIDFORMAT
  1
GRIDFORMAT_BEGIN
 90
        0
 91
        1
 62
     0
 92
       -2
340
14
 93
        0
 40
0.045
309
GRIDFORMAT_END
 95
       32
302
GRIDFORMAT
  1
GRIDFORMAT_BEGIN
 90
        0
 91
        1
 62
     0
 92
       -2
340
14
 93
        0
 40
0.045
309
GRIDFORMAT_END
309
TABLEFORMAT_END
  1
CELLSTYLE_BEGIN
 90
        2
 91
        1
300
_HEADER
309
CELLSTYLE_END
300
CELLSTYLE
  1
TABLEFORMAT_BEGIN
 90
        5
170
     1
 91
        0
 92
        0
 62
   257
 93
        1
300
CONTENTFORMAT
  1
CONTENTFORMAT_BEGIN
 90
        0
 91
        0
 92
        4
 93
        0
300

 40
0.0
140
1.0
 94
        2
 62
     0
340
11
144
0.18
309
CONTENTFORMAT_END
171
     1
301
MARGIN
  1
CELLMARGIN_BEGIN
 40
0.06
 40
0.06
 40
0.06
 40
0.06
 40
0.06
 40
0.06
309
CELLMARGIN_END
 94
        6
 95
        1
302
GRIDFORMAT
  1
GRIDFORMAT_BEGIN
 90
        0
 91
        1
 62
     0
 92
       -2
340
14
 93
        0
 40
0.045
309
GRIDFORMAT_END
 95
        2
302
GRIDFORMAT
  1
GRIDFORMAT_BEGIN
 90
        0
 91
        1
 62
     0
 92
       -2
340
14
 93
        0
 40
0.045
309
GRIDFORMAT_END
 95
        4
302
GRIDFORMAT
  1
GRIDFORMAT_BEGIN
 90
        0
 91
        1
 62
     0
 92
       -2
340
14
 93
        0
 40
0.045
309
GRIDFORMAT_END
 95
        8
302
GRIDFORMAT
  1
GRIDFORMAT_BEGIN
 90
        0
 91
        1
 62
     0
 92
       -2
340
14
 93
        0
 40
0.045
309
GRIDFORMAT_END
 95
       16
302
GRIDFORMAT
  1
GRIDFORMAT_BEGIN
 90
        0
 91
        1
 62
     0
 92
       -2
340
14
 93
        0
 40
0.045
309
GRIDFORMAT_END
 95
       32
302
GRIDFORMAT
  1
GRIDFORMAT_BEGIN
 90
        0
 91
        1
 62
     0
 92
       -2
340
14
 93
        0
 40
0.045
309
GRIDFORMAT_END
309
TABLEFORMAT_END
  1
CELLSTYLE_BEGIN
 90
        3
 91
        2
300
_DATA
309
CELLSTYLE_END
  0
ENDSEC
  0
EOF
